match_date,team,opponent,gf,ga,FTR,home,goal_diff,points,match_n,trainer_id,manager_name,event_time,change_index,post,match_week_monday,prev_week_monday,exp_lag1,nationality,age_at_appointment
2025-08-09,Antalyaspor,Kasimpasa,2,1,H,1,1,3,1,82796,Emre Belözoğlu,-8.0,2,0.0,2025-08-04,2025-07-28,0.0,Türkiye,43.1
2025-08-17,Antalyaspor,Genclerbirligi,1,0,A,0,1,3,2,82796,Emre Belözoğlu,-7.0,2,0.0,2025-08-11,2025-08-04,0.0,Türkiye,43.1
2025-08-24,Antalyaspor,Trabzonspor,0,1,H,0,-1,0,3,82796,Emre Belözoğlu,-6.0,2,0.0,2025-08-18,2025-08-11,0.0,Türkiye,43.1
2025-08-30,Antalyaspor,Karagumruk,1,2,A,1,-1,0,4,82796,Emre Belözoğlu,-5.0,2,0.0,2025-08-25,2025-08-18,0.0,Türkiye,43.1
2025-09-13,Antalyaspor,Samsunspor,2,1,A,0,1,3,5,82796,Emre Belözoğlu,-4.0,2,0.0,2025-09-08,2025-09-01,0.0,Türkiye,43.1
2025-09-20,Antalyaspor,Kayserispor,1,1,D,1,0,1,6,82796,Emre Belözoğlu,-3.0,2,0.0,2025-09-15,2025-09-08,0.0,Türkiye,43.1
2025-09-28,Antalyaspor,Fenerbahce,0,2,H,0,-2,0,7,82796,Emre Belözoğlu,-2.0,2,0.0,2025-09-22,2025-09-15,0.0,Türkiye,43.1
2025-10-03,Antalyaspor,Rizespor,2,5,A,1,-3,0,8,82796,Emre Belözoğlu,-1.0,2,0.0,2025-09-29,2025-09-22,0.25,Türkiye,43.1
2025-10-19,Antalyaspor,Gaziantep,2,3,H,0,-1,0,9,40285,Erol Bulut,0.0,2,1.0,2025-10-13,2025-10-06,0.9107,Türkiye,44.4
2025-10-26,Antalyaspor,Buyuksehyr,0,4,A,1,-4,0,10,40285,Erol Bulut,1.0,2,1.0,2025-10-20,2025-10-13,0.0,Türkiye,44.4
2025-11-03,Antalyaspor,Eyupspor,1,0,A,0,1,3,11,40285,Erol Bulut,2.0,2,1.0,2025-11-03,2025-10-27,0.0,Türkiye,44.4
2025-11-08,Antalyaspor,Besiktas,1,3,A,1,-2,0,12,40285,Erol Bulut,3.0,2,1.0,2025-11-03,2025-10-27,0.0,Türkiye,44.4
2025-11-24,Antalyaspor,Konyaspor,0,0,D,0,0,1,13,40285,Erol Bulut,4.0,2,1.0,2025-11-24,2025-11-17,0.0,Türkiye,44.4
2025-11-30,Antalyaspor,Goztep,1,2,A,1,-1,0,14,40285,Erol Bulut,5.0,2,1.0,2025-11-24,2025-11-17,0.0,Türkiye,44.4
2025-12-08,Antalyaspor,Alanyaspor,0,0,D,0,0,1,15,40285,Erol Bulut,6.0,2,1.0,2025-12-08,2025-12-01,0.5,Türkiye,44.4
2025-12-13,Antalyaspor,Galatasaray,1,4,A,1,-3,0,16,40285,Erol Bulut,7.0,2,1.0,2025-12-08,2025-12-01,0.5,Türkiye,44.4
2025-12-19,Antalyaspor,Kocaelispor,1,2,H,0,-1,0,17,49793,Alaattin Gülerce,8.0,2,1.0,2025-12-15,2025-12-08,0.0,Türkiye,55.4
2026-01-18,Antalyaspor,Kasimpasa,0,0,D,0,0,1,18,90166,Sami Uğurlu,9.0,2,1.0,2026-01-12,2026-01-05,0.0,Türkiye,46.6
2026-01-25,Antalyaspor,Genclerbirligi,2,1,H,1,1,3,19,90166,Sami Uğurlu,10.0,2,1.0,2026-01-19,2026-01-12,0.0,Türkiye,46.6
2025-08-17,Besiktas,Eyupspor,2,1,H,1,1,3,1,7286,Ole Gunnar Solskjaer,-1.0,3,0.0,2025-08-11,2025-08-04,0.0,Norway,51.9
2025-08-31,Besiktas,Alanyaspor,0,2,H,0,-2,0,2,32128,Sergen Yalçın,0.0,3,1.0,2025-08-25,2025-08-18,0.0,Türkiye,46.0
2025-09-13,Besiktas,Buyuksehyr,2,1,H,1,1,3,3,32128,Sergen Yalçın,1.0,3,1.0,2025-09-08,2025-09-01,0.75,Türkiye,46.0
2025-09-19,Besiktas,Goztep,0,3,H,0,-3,0,4,32128,Sergen Yalçın,2.0,3,1.0,2025-09-15,2025-09-08,1.0,Türkiye,46.0
2025-09-24,Besiktas,Kayserispor,4,0,A,0,4,3,5,32128,Sergen Yalçın,3.0,3,1.0,2025-09-22,2025-09-15,0.0,Türkiye,46.0
2025-09-29,Besiktas,Kocaelispor,3,1,H,1,2,3,6,32128,Sergen Yalçın,4.0,3,1.0,2025-09-29,2025-09-22,0.0,Türkiye,46.0
2025-10-04,Besiktas,Galatasaray,1,1,D,0,0,1,7,32128,Sergen Yalçın,5.0,3,1.0,2025-09-29,2025-09-22,0.0,Türkiye,46.0
2025-10-18,Besiktas,Genclerbirligi,1,2,A,1,-1,0,8,32128,Sergen Yalçın,6.0,3,1.0,2025-10-13,2025-10-06,1.0,Türkiye,46.0
2025-10-22,Besiktas,Konyaspor,2,0,A,0,2,3,9,32128,Sergen Yalçın,7.0,3,1.0,2025-10-20,2025-10-13,0.0,Türkiye,46.0
2025-10-26,Besiktas,Kasimpasa,1,1,D,0,0,1,10,32128,Sergen Yalçın,8.0,3,1.0,2025-10-20,2025-10-13,0.0,Türkiye,46.0
2025-11-02,Besiktas,Fenerbahce,2,3,A,1,-1,0,11,32128,Sergen Yalçın,9.0,3,1.0,2025-10-27,2025-10-20,0.0,Türkiye,46.0
2025-11-08,Besiktas,Antalyaspor,3,1,A,0,2,3,12,32128,Sergen Yalçın,10.0,3,1.0,2025-11-03,2025-10-27,0.75,Türkiye,46.0
2025-08-17,Buyuksehyr,Kayserispor,1,1,D,1,0,1,1,46594,Çağdaş Atan,-2.0,4,0.0,2025-08-11,2025-08-04,0.0,Türkiye,40.5
2025-08-31,Buyuksehyr,Eyupspor,0,0,D,1,0,1,2,46594,Çağdaş Atan,-1.0,4,0.0,2025-08-25,2025-08-18,0.0,Türkiye,40.5
2025-09-13,Buyuksehyr,Besiktas,1,2,H,0,-1,0,3,,,0.0,4,1.0,2025-09-08,2025-09-01,0.0,,
2025-09-17,Buyuksehyr,Karagumruk,2,0,A,0,2,3,4,96813,Nuri Şahin,1.0,4,1.0,2025-09-15,2025-09-08,0.875,Türkiye,33.1
2025-09-21,Buyuksehyr,Alanyaspor,1,1,D,1,0,1,5,96813,Nuri Şahin,2.0,4,1.0,2025-09-15,2025-09-08,0.875,Türkiye,33.1
2025-09-28,Buyuksehyr,Konyaspor,1,2,H,0,-1,0,6,96813,Nuri Şahin,3.0,4,1.0,2025-09-22,2025-09-15,0.0,Türkiye,33.1
2025-10-05,Buyuksehyr,Goztep,0,1,H,0,-1,0,7,96813,Nuri Şahin,4.0,4,1.0,2025-09-29,2025-09-22,0.0,Türkiye,33.1
2025-10-18,Buyuksehyr,Galatasaray,1,2,A,1,-1,0,8,96813,Nuri Şahin,5.0,4,1.0,2025-10-13,2025-10-06,0.0,Türkiye,33.1
2025-10-22,Buyuksehyr,Rizespor,0,0,D,0,0,1,9,96813,Nuri Şahin,6.0,4,1.0,2025-10-20,2025-10-13,0.5,Türkiye,33.1
2025-10-26,Buyuksehyr,Antalyaspor,4,0,A,0,4,3,10,96813,Nuri Şahin,7.0,4,1.0,2025-10-20,2025-10-13,0.5,Türkiye,33.1
2025-10-31,Buyuksehyr,Kocaelispor,1,0,H,1,1,3,11,96813,Nuri Şahin,8.0,4,1.0,2025-10-27,2025-10-20,0.0,Türkiye,33.1
2025-11-07,Buyuksehyr,Genclerbirligi,1,2,H,0,-1,0,12,96813,Nuri Şahin,9.0,4,1.0,2025-11-03,2025-10-27,0.0,Türkiye,33.1
2025-11-24,Buyuksehyr,Trabzonspor,3,4,A,1,-1,0,13,96813,Nuri Şahin,10.0,4,1.0,2025-11-24,2025-11-17,0.0,Türkiye,33.1
2025-08-10,Eyupspor,Konyaspor,1,4,A,1,-3,0,1,87864,Selçuk Şahin,-8.0,6,0.0,2025-08-04,2025-07-28,0.0,Türkiye,44.4
2025-08-17,Eyupspor,Besiktas,1,2,H,0,-1,0,2,87864,Selçuk Şahin,-7.0,6,0.0,2025-08-11,2025-08-04,0.0,Türkiye,44.4
2025-08-25,Eyupspor,Alanyaspor,2,1,H,1,1,3,3,87864,Selçuk Şahin,-6.0,6,0.0,2025-08-25,2025-08-18,0.0,Türkiye,44.4
2025-08-31,Eyupspor,Buyuksehyr,0,0,D,0,0,1,4,87864,Selçuk Şahin,-5.0,6,0.0,2025-08-25,2025-08-18,0.0,Türkiye,44.4
2025-09-13,Eyupspor,Galatasaray,0,2,A,1,-2,0,5,87864,Selçuk Şahin,-4.0,6,0.0,2025-09-08,2025-09-01,0.0,Türkiye,44.4
2025-09-20,Eyupspor,Genclerbirligi,0,1,H,0,-1,0,6,87864,Selçuk Şahin,-3.0,6,0.0,2025-09-15,2025-09-08,0.0,Türkiye,44.4
2025-09-27,Eyupspor,Goztep,0,0,D,1,0,1,7,87864,Selçuk Şahin,-2.0,6,0.0,2025-09-22,2025-09-15,0.75,Türkiye,44.4
2025-10-04,Eyupspor,Kocaelispor,0,1,H,0,-1,0,8,87864,Selçuk Şahin,-1.0,6,0.0,2025-09-29,2025-09-22,0.0,Türkiye,44.4
2025-10-20,Eyupspor,Kasimpasa,2,0,H,1,2,3,9,62361,Orhan Ak,0.0,6,1.0,2025-10-20,2025-10-13,0.0,Türkiye,46.0
2025-10-25,Eyupspor,Trabzonspor,0,2,H,0,-2,0,10,62361,Orhan Ak,1.0,6,1.0,2025-10-20,2025-10-13,0.0,Türkiye,46.0
2025-11-03,Eyupspor,Antalyaspor,0,1,A,1,-1,0,11,62361,Orhan Ak,2.0,6,1.0,2025-11-03,2025-10-27,0.0,Türkiye,46.0
2025-11-09,Eyupspor,Samsunspor,0,1,H,0,-1,0,12,62361,Orhan Ak,3.0,6,1.0,2025-11-03,2025-10-27,0.0,Türkiye,46.0
2025-11-22,Eyupspor,Karagumruk,1,1,D,1,0,1,13,62361,Orhan Ak,4.0,6,1.0,2025-11-17,2025-11-10,0.0,Türkiye,46.0
2025-11-29,Eyupspor,Gaziantep,2,1,A,0,1,3,14,62361,Orhan Ak,5.0,6,1.0,2025-11-24,2025-11-17,0.0,Türkiye,46.0
2025-12-06,Eyupspor,Kayserispor,1,1,D,1,0,1,15,62361,Orhan Ak,6.0,6,1.0,2025-12-01,2025-11-24,0.0,Türkiye,46.0
2025-12-13,Eyupspor,Rizespor,0,3,H,0,-3,0,16,62361,Orhan Ak,7.0,6,1.0,2025-12-08,2025-12-01,0.0,Türkiye,46.0
2025-12-20,Eyupspor,Fenerbahce,0,3,A,1,-3,0,17,62361,Orhan Ak,8.0,6,1.0,2025-12-15,2025-12-08,0.0,Türkiye,46.0
2026-01-19,Eyupspor,Konyaspor,1,1,D,0,0,1,18,19158,Atila Gerin,9.0,6,1.0,2026-01-19,2026-01-12,0.0,Türkiye,57.8
2026-01-26,Eyupspor,Besiktas,2,2,D,1,0,1,19,19158,Atila Gerin,10.0,6,1.0,2026-01-26,2026-01-19,0.875,Türkiye,57.8
2025-08-16,Fenerbahce,Goztep,0,0,D,0,0,1,1,781,José Mourinho,-2.0,7,0.0,2025-08-11,2025-08-04,0.0,Portugal,61.4
2025-08-23,Fenerbahce,Kocaelispor,3,1,H,1,2,3,2,781,José Mourinho,-1.0,7,0.0,2025-08-18,2025-08-11,0.0,Portugal,61.4
2025-08-31,Fenerbahce,Genclerbirligi,3,1,A,0,2,3,3,65003,Zeki Murat Göle,0.0,7,1.0,2025-08-25,2025-08-18,0.5,Türkiye,45.9
2025-09-14,Fenerbahce,Trabzonspor,1,0,H,1,1,3,4,30857,Domenico Tedesco,1.0,7,1.0,2025-09-08,2025-09-01,0.6364,Italy,
2025-09-17,Fenerbahce,Alanyaspor,2,2,D,1,0,1,5,30857,Domenico Tedesco,2.0,7,1.0,2025-09-15,2025-09-08,0.425,Italy,
2025-09-21,Fenerbahce,Kasimpasa,1,1,D,0,0,1,6,30857,Domenico Tedesco,3.0,7,1.0,2025-09-15,2025-09-08,0.425,Italy,
2025-09-28,Fenerbahce,Antalyaspor,2,0,H,1,2,3,7,30857,Domenico Tedesco,4.0,7,1.0,2025-09-22,2025-09-15,0.8333,Italy,
2025-10-05,Fenerbahce,Samsunspor,0,0,D,0,0,1,8,30857,Domenico Tedesco,5.0,7,1.0,2025-09-29,2025-09-22,0.8,Italy,
2025-10-19,Fenerbahce,Karagumruk,2,1,H,1,1,3,9,30857,Domenico Tedesco,6.0,7,1.0,2025-10-13,2025-10-06,0.8333,Italy,
2025-10-27,Fenerbahce,Gaziantep,4,0,A,0,4,3,10,30857,Domenico Tedesco,7.0,7,1.0,2025-10-27,2025-10-20,0.0,Italy,
2025-11-02,Fenerbahce,Besiktas,3,2,A,0,1,3,11,30857,Domenico Tedesco,8.0,7,1.0,2025-10-27,2025-10-20,0.0,Italy,
2025-11-09,Fenerbahce,Kayserispor,4,2,H,1,2,3,12,30857,Domenico Tedesco,9.0,7,1.0,2025-11-03,2025-10-27,0.0,Italy,
2025-11-23,Fenerbahce,Rizespor,5,2,A,0,3,3,13,30857,Domenico Tedesco,10.0,7,1.0,2025-11-17,2025-11-10,1.0,Italy,
2025-08-08,Gaziantep,Galatasaray,0,3,A,1,-3,0,1,18920,İsmet Taşdemir,-2.0,9,0.0,2025-08-04,2025-07-28,0.0,Türkiye,43.9
2025-08-17,Gaziantep,Konyaspor,0,3,H,0,-3,0,2,18920,İsmet Taşdemir,-1.0,9,0.0,2025-08-11,2025-08-04,0.0,Türkiye,43.9
2025-08-23,Gaziantep,Genclerbirligi,2,1,H,1,1,3,3,117405,Burak Yılmaz,0.0,9,1.0,2025-08-18,2025-08-11,0.0,Türkiye,38.2
2025-08-30,Gaziantep,Kasimpasa,3,2,A,0,1,3,4,117405,Burak Yılmaz,1.0,9,1.0,2025-08-25,2025-08-18,1.0,Türkiye,38.2
2025-09-14,Gaziantep,Kocaelispor,2,0,H,1,2,3,5,117405,Burak Yılmaz,2.0,9,1.0,2025-09-08,2025-09-01,0.0,Türkiye,38.2
2025-09-20,Gaziantep,Trabzonspor,1,1,D,0,0,1,6,117405,Burak Yılmaz,3.0,9,1.0,2025-09-15,2025-09-08,0.0,Türkiye,38.2
2025-09-27,Gaziantep,Samsunspor,2,2,D,1,0,1,7,117405,Burak Yılmaz,4.0,9,1.0,2025-09-22,2025-09-15,0.0,Türkiye,38.2
2025-10-05,Gaziantep,Karagumruk,2,0,A,0,2,3,8,117405,Burak Yılmaz,5.0,9,1.0,2025-09-29,2025-09-22,0.0,Türkiye,38.2
2025-10-19,Gaziantep,Antalyaspor,3,2,H,1,1,3,9,117405,Burak Yılmaz,6.0,9,1.0,2025-10-13,2025-10-06,0.0,Türkiye,38.2
2025-10-27,Gaziantep,Fenerbahce,0,4,A,1,-4,0,10,117405,Burak Yılmaz,7.0,9,1.0,2025-10-27,2025-10-20,0.0,Türkiye,38.2
2025-11-03,Gaziantep,Alanyaspor,0,0,D,0,0,1,11,117405,Burak Yılmaz,8.0,9,1.0,2025-11-03,2025-10-27,0.0,Türkiye,38.2
2025-11-08,Gaziantep,Rizespor,2,2,D,1,0,1,12,117405,Burak Yılmaz,9.0,9,1.0,2025-11-03,2025-10-27,0.0,Türkiye,38.2
2025-11-22,Gaziantep,Kayserispor,3,0,A,0,3,3,13,117405,Burak Yılmaz,10.0,9,1.0,2025-11-17,2025-11-10,0.0,Türkiye,38.2
2025-08-09,Genclerbirligi,Samsunspor,1,2,H,0,-1,0,1,26856,Hüseyin Eroğlu,-10.0,13,0.0,2025-08-04,2025-07-28,0.0,Türkiye,52.1
2025-08-17,Genclerbirligi,Antalyaspor,0,1,A,1,-1,0,2,26856,Hüseyin Eroğlu,-9.0,13,0.0,2025-08-11,2025-08-04,0.0,Türkiye,52.1
2025-08-23,Genclerbirligi,Gaziantep,1,2,H,0,-1,0,3,26856,Hüseyin Eroğlu,-8.0,13,0.0,2025-08-18,2025-08-11,0.0,Türkiye,52.1
2025-08-31,Genclerbirligi,Fenerbahce,1,3,A,1,-2,0,4,26856,Hüseyin Eroğlu,-7.0,13,0.0,2025-08-25,2025-08-18,0.0,Türkiye,52.1
2025-09-15,Genclerbirligi,Rizespor,0,1,H,0,-1,0,5,26856,Hüseyin Eroğlu,-6.0,13,0.0,2025-09-15,2025-09-08,1.0,Türkiye,52.1
2025-09-20,Genclerbirligi,Eyupspor,1,0,H,1,1,3,6,26856,Hüseyin Eroğlu,-5.0,13,0.0,2025-09-15,2025-09-08,1.0,Türkiye,52.1
2025-09-28,Genclerbirligi,Kayserispor,1,1,D,0,0,1,7,26856,Hüseyin Eroğlu,-4.0,13,0.0,2025-09-22,2025-09-15,0.0,Türkiye,52.1
2025-10-04,Genclerbirligi,Alanyaspor,2,2,D,1,0,1,8,26856,Hüseyin Eroğlu,-3.0,13,0.0,2025-09-29,2025-09-22,0.0,Türkiye,52.1
2025-10-18,Genclerbirligi,Besiktas,2,1,A,0,1,3,9,26856,Hüseyin Eroğlu,-2.0,13,0.0,2025-10-13,2025-10-06,0.0,Türkiye,52.1
2025-10-26,Genclerbirligi,Konyaspor,1,2,A,1,-1,0,10,26856,Hüseyin Eroğlu,-1.0,13,0.0,2025-10-20,2025-10-13,0.0,Türkiye,52.1
2025-11-01,Genclerbirligi,Goztep,0,1,H,0,-1,0,11,72485,Volkan Demirel,0.0,13,1.0,2025-10-27,2025-10-20,0.0,Türkiye,43.0
2025-11-07,Genclerbirligi,Buyuksehyr,2,1,H,1,1,3,12,72485,Volkan Demirel,1.0,13,1.0,2025-11-03,2025-10-27,0.9,Türkiye,43.0
2025-11-22,Genclerbirligi,Galatasaray,2,3,H,0,-1,0,13,72485,Volkan Demirel,2.0,13,1.0,2025-11-17,2025-11-10,1.0,Türkiye,43.0
2025-11-28,Genclerbirligi,Kocaelispor,0,1,H,0,-1,0,14,72485,Volkan Demirel,3.0,13,1.0,2025-11-24,2025-11-17,1.0,Türkiye,43.0
2025-12-07,Genclerbirligi,Karagumruk,3,0,H,1,3,3,15,72485,Volkan Demirel,4.0,13,1.0,2025-12-01,2025-11-24,0.0,Türkiye,43.0
2025-12-12,Genclerbirligi,Kasimpasa,0,0,D,0,0,1,16,5199,Metin Diyadin,5.0,13,1.0,2025-12-08,2025-12-01,0.9954,Türkiye,
2025-12-22,Genclerbirligi,Trabzonspor,4,3,H,1,1,3,17,5199,Metin Diyadin,6.0,13,1.0,2025-12-22,2025-12-15,0.0,Türkiye,
2026-01-18,Genclerbirligi,Samsunspor,1,1,D,1,0,1,18,5199,Metin Diyadin,7.0,13,1.0,2026-01-12,2026-01-05,0.0,Türkiye,
2026-01-25,Genclerbirligi,Antalyaspor,1,2,H,0,-1,0,19,5199,Metin Diyadin,8.0,13,1.0,2026-01-19,2026-01-12,0.0,Türkiye,
2026-02-01,Genclerbirligi,Gaziantep,2,1,H,1,1,3,20,5199,Metin Diyadin,9.0,13,1.0,2026-01-26,2026-01-19,0.0,Türkiye,
2026-02-09,Genclerbirligi,Fenerbahce,1,3,H,0,-2,0,21,5199,Metin Diyadin,10.0,13,1.0,2026-02-09,2026-02-02,0.0,Türkiye,
2025-08-15,Karagumruk,Galatasaray,0,3,H,0,-3,0,1,46373,Marcel Lička,-10.0,15,0.0,2025-08-11,2025-08-04,0.0,Czech Republic,48.0
2025-08-22,Karagumruk,Goztep,0,2,A,1,-2,0,2,46373,Marcel Lička,-9.0,15,0.0,2025-08-18,2025-08-11,0.0,Czech Republic,48.0
2025-08-30,Karagumruk,Antalyaspor,2,1,A,0,1,3,3,46373,Marcel Lička,-8.0,15,0.0,2025-08-25,2025-08-18,0.0,Czech Republic,48.0
2025-09-13,Karagumruk,Kasimpasa,0,1,A,1,-1,0,4,46373,Marcel Lička,-7.0,15,0.0,2025-09-08,2025-09-01,0.0,Czech Republic,48.0
2025-09-17,Karagumruk,Buyuksehyr,0,2,A,1,-2,0,5,46373,Marcel Lička,-6.0,15,0.0,2025-09-15,2025-09-08,0.0,Czech Republic,48.0
2025-09-21,Karagumruk,Samsunspor,2,3,H,0,-1,0,6,46373,Marcel Lička,-5.0,15,0.0,2025-09-15,2025-09-08,0.0,Czech Republic,48.0
2025-09-27,Karagumruk,Trabzonspor,3,4,A,1,-1,0,7,46373,Marcel Lička,-4.0,15,0.0,2025-09-22,2025-09-15,0.0,Czech Republic,48.0
2025-10-05,Karagumruk,Gaziantep,0,2,A,1,-2,0,8,46373,Marcel Lička,-3.0,15,0.0,2025-09-29,2025-09-22,0.0,Czech Republic,48.0
2025-10-19,Karagumruk,Fenerbahce,1,2,H,0,-1,0,9,46373,Marcel Lička,-2.0,15,0.0,2025-10-13,2025-10-06,0.0,Czech Republic,48.0
2025-10-24,Karagumruk,Kayserispor,2,2,D,1,0,1,10,46373,Marcel Lička,-1.0,15,0.0,2025-10-20,2025-10-13,0.0,Czech Republic,48.0
2025-11-03,Karagumruk,Rizespor,0,1,H,0,-1,0,11,138254,Onur Can Korkmaz,0.0,15,1.0,2025-11-03,2025-10-27,0.9643,Türkiye,34.3
2025-11-09,Karagumruk,Konyaspor,2,0,H,1,2,3,12,138254,Onur Can Korkmaz,1.0,15,1.0,2025-11-03,2025-10-27,0.9643,Türkiye,34.3
2025-11-22,Karagumruk,Eyupspor,1,1,D,0,0,1,13,138254,Onur Can Korkmaz,2.0,15,1.0,2025-11-17,2025-11-10,0.0,Türkiye,34.3
2025-11-30,Karagumruk,Besiktas,0,2,A,1,-2,0,14,138254,Onur Can Korkmaz,3.0,15,1.0,2025-11-24,2025-11-17,0.0,Türkiye,34.3
2025-12-07,Karagumruk,Genclerbirligi,0,3,H,0,-3,0,15,138254,Onur Can Korkmaz,4.0,15,1.0,2025-12-01,2025-11-24,0.0,Türkiye,34.3
2025-12-14,Karagumruk,Kocaelispor,1,1,D,1,0,1,16,138254,Onur Can Korkmaz,5.0,15,1.0,2025-12-08,2025-12-01,1.0,Türkiye,34.3
2025-12-21,Karagumruk,Alanyaspor,0,2,H,0,-2,0,17,138254,Onur Can Korkmaz,6.0,15,1.0,2025-12-15,2025-12-08,1.0,Türkiye,34.3
2026-01-17,Karagumruk,Buyuksehyr,1,2,H,0,-1,0,18,4183,Aleksandar Stanojevic,7.0,15,1.0,2026-01-12,2026-01-05,0.0,Serbia,52.2
2026-01-24,Karagumruk,Galatasaray,1,3,A,1,-2,0,19,4183,Aleksandar Stanojevic,8.0,15,1.0,2026-01-19,2026-01-12,0.0,Serbia,52.2
2026-01-31,Karagumruk,Goztep,1,2,H,0,-1,0,20,4183,Aleksandar Stanojevic,9.0,15,1.0,2026-01-26,2026-01-19,0.0,Serbia,52.2
2026-02-07,Karagumruk,Antalyaspor,1,0,H,1,1,3,21,4183,Aleksandar Stanojevic,10.0,15,1.0,2026-02-02,2026-01-26,0.0,Serbia,52.2
2025-09-17,Kasimpasa,Samsunspor,0,0,D,0,0,1,5,7849,Shota Arveladze,-10.0,16,0.0,2025-09-15,2025-09-08,0.0,Georgia,50.8
2025-09-21,Kasimpasa,Fenerbahce,1,1,D,1,0,1,6,7849,Shota Arveladze,-9.0,16,0.0,2025-09-15,2025-09-08,0.0,Georgia,50.8
2025-09-28,Kasimpasa,Rizespor,2,1,A,0,1,3,7,7849,Shota Arveladze,-8.0,16,0.0,2025-09-22,2025-09-15,0.0,Georgia,50.8
2025-10-05,Kasimpasa,Konyaspor,1,1,D,1,0,1,8,7849,Shota Arveladze,-7.0,16,0.0,2025-09-29,2025-09-22,0.0,Georgia,50.8
2025-10-20,Kasimpasa,Eyupspor,0,2,H,0,-2,0,9,7849,Shota Arveladze,-6.0,16,0.0,2025-10-20,2025-10-13,0.0,Georgia,50.8
2025-10-26,Kasimpasa,Besiktas,1,1,D,1,0,1,10,7849,Shota Arveladze,-5.0,16,0.0,2025-10-20,2025-10-13,0.0,Georgia,50.8
2025-11-02,Kasimpasa,Kayserispor,2,3,H,0,-1,0,11,7849,Shota Arveladze,-4.0,16,0.0,2025-10-27,2025-10-20,0.0,Georgia,50.8
2025-11-08,Kasimpasa,Goztep,0,2,A,1,-2,0,12,7849,Shota Arveladze,-3.0,16,0.0,2025-11-03,2025-10-27,0.75,Georgia,50.8
2025-11-23,Kasimpasa,Alanyaspor,2,1,A,0,1,3,13,7849,Shota Arveladze,-2.0,16,0.0,2025-11-17,2025-11-10,0.0,Georgia,50.8
2025-11-29,Kasimpasa,Buyuksehyr,1,3,A,1,-2,0,14,7849,Shota Arveladze,-1.0,16,0.0,2025-11-24,2025-11-17,0.0,Georgia,50.8
2025-12-07,Kasimpasa,Kocaelispor,0,0,D,0,0,1,15,82796,Emre Belözoğlu,0.0,16,1.0,2025-12-01,2025-11-24,0.0,Türkiye,43.1
2025-12-12,Kasimpasa,Genclerbirligi,0,0,D,1,0,1,16,82796,Emre Belözoğlu,1.0,16,1.0,2025-12-08,2025-12-01,0.8,Türkiye,43.1
2025-12-21,Kasimpasa,Galatasaray,0,3,H,0,-3,0,17,82796,Emre Belözoğlu,2.0,16,1.0,2025-12-15,2025-12-08,1.0,Türkiye,43.1
2026-01-18,Kasimpasa,Antalyaspor,0,0,D,1,0,1,18,82796,Emre Belözoğlu,3.0,16,1.0,2026-01-12,2026-01-05,0.0,Türkiye,43.1
2026-01-23,Kasimpasa,Trabzonspor,1,2,H,0,-1,0,19,82796,Emre Belözoğlu,4.0,16,1.0,2026-01-19,2026-01-12,0.0,Türkiye,43.1
2026-01-30,Kasimpasa,Samsunspor,0,1,A,1,-1,0,20,82796,Emre Belözoğlu,5.0,16,1.0,2026-01-26,2026-01-19,0.0,Türkiye,43.1
2026-02-09,Kasimpasa,Gaziantep,1,2,H,0,-1,0,21,82796,Emre Belözoğlu,6.0,16,1.0,2026-02-09,2026-02-02,0.0,Türkiye,43.1
2026-02-16,Kasimpasa,Karagumruk,3,2,H,1,1,3,22,82796,Emre Belözoğlu,7.0,16,1.0,2026-02-16,2026-02-09,0.5,Türkiye,43.1
2026-02-23,Kasimpasa,Fenerbahce,1,1,D,0,0,1,23,82796,Emre Belözoğlu,8.0,16,1.0,2026-02-23,2026-02-16,0.0,Türkiye,43.1
2026-02-28,Kasimpasa,Rizespor,0,3,A,1,-3,0,24,82796,Emre Belözoğlu,9.0,16,1.0,2026-02-23,2026-02-16,0.0,Türkiye,43.1
2026-03-08,Kasimpasa,Konyaspor,1,1,D,0,0,1,25,82796,Emre Belözoğlu,10.0,16,1.0,2026-03-02,2026-02-23,0.4375,Türkiye,43.1
2025-08-17,Kayserispor,Buyuksehyr,1,1,D,0,0,1,1,4849,Markus Gisdol,-8.0,19,0.0,2025-08-11,2025-08-04,0.0,Germany,55.9
2025-08-24,Kayserispor,Galatasaray,0,4,A,1,-4,0,2,4849,Markus Gisdol,-7.0,19,0.0,2025-08-18,2025-08-11,0.0,Germany,55.9
2025-08-30,Kayserispor,Kocaelispor,1,1,D,0,0,1,3,4849,Markus Gisdol,-6.0,19,0.0,2025-08-25,2025-08-18,0.0,Germany,55.9
2025-09-14,Kayserispor,Goztep,1,1,D,1,0,1,4,4849,Markus Gisdol,-5.0,19,0.0,2025-09-08,2025-09-01,0.0,Germany,55.9
2025-09-20,Kayserispor,Antalyaspor,1,1,D,0,0,1,5,4849,Markus Gisdol,-4.0,19,0.0,2025-09-15,2025-09-08,0.0,Germany,55.9
2025-09-24,Kayserispor,Besiktas,0,4,A,1,-4,0,6,4849,Markus Gisdol,-3.0,19,0.0,2025-09-22,2025-09-15,0.0,Germany,55.9
2025-09-28,Kayserispor,Genclerbirligi,1,1,D,1,0,1,7,4849,Markus Gisdol,-2.0,19,0.0,2025-09-22,2025-09-15,0.0,Germany,55.9
2025-10-03,Kayserispor,Trabzonspor,0,4,H,0,-4,0,8,4849,Markus Gisdol,-1.0,19,0.0,2025-09-29,2025-09-22,0.625,Germany,55.9
2025-10-19,Kayserispor,Samsunspor,1,3,A,1,-2,0,9,104976,Radomir Djalovic,0.0,19,1.0,2025-10-13,2025-10-06,0.5833,Montenegro,43.0
2025-10-24,Kayserispor,Karagumruk,2,2,D,0,0,1,10,104976,Radomir Djalovic,1.0,19,1.0,2025-10-20,2025-10-13,0.5,Montenegro,43.0
2025-11-02,Kayserispor,Kasimpasa,3,2,H,1,1,3,11,104976,Radomir Djalovic,2.0,19,1.0,2025-10-27,2025-10-20,0.0,Montenegro,43.0
2025-11-09,Kayserispor,Fenerbahce,2,4,H,0,-2,0,12,104976,Radomir Djalovic,3.0,19,1.0,2025-11-03,2025-10-27,0.0,Montenegro,43.0
2025-11-22,Kayserispor,Gaziantep,0,3,A,1,-3,0,13,104976,Radomir Djalovic,4.0,19,1.0,2025-11-17,2025-11-10,0.0,Montenegro,43.0
2025-11-29,Kayserispor,Rizespor,1,0,A,0,1,3,14,104976,Radomir Djalovic,5.0,19,1.0,2025-11-24,2025-11-17,0.0,Montenegro,43.0
2025-12-06,Kayserispor,Eyupspor,1,1,D,0,0,1,15,104976,Radomir Djalovic,6.0,19,1.0,2025-12-01,2025-11-24,0.925,Montenegro,43.0
2025-12-13,Kayserispor,Alanyaspor,0,0,D,1,0,1,16,104976,Radomir Djalovic,7.0,19,1.0,2025-12-08,2025-12-01,0.0,Montenegro,43.0
2025-12-20,Kayserispor,Konyaspor,1,1,D,0,0,1,17,104976,Radomir Djalovic,8.0,19,1.0,2025-12-15,2025-12-08,0.0,Montenegro,43.0
2026-01-19,Kayserispor,Besiktas,0,1,H,0,-1,0,18,104976,Radomir Djalovic,9.0,19,1.0,2026-01-19,2026-01-12,0.0,Montenegro,43.0
2026-01-24,Kayserispor,Buyuksehyr,0,3,A,1,-3,0,19,104976,Radomir Djalovic,10.0,19,1.0,2026-01-19,2026-01-12,0.0,Montenegro,43.0
2025-08-17,Konyaspor,Gaziantep,3,0,H,1,3,3,2,22369,Recep Uçar,-10.0,21,0.0,2025-08-11,2025-08-04,0.0,Türkiye,48.0
2025-08-29,Konyaspor,Goztep,1,1,D,0,0,1,3,22369,Recep Uçar,-9.0,21,0.0,2025-08-25,2025-08-18,0.0,Türkiye,48.0
2025-09-13,Konyaspor,Alanyaspor,1,2,A,1,-1,0,4,22369,Recep Uçar,-8.0,21,0.0,2025-09-08,2025-09-01,0.0,Türkiye,48.0
2025-09-22,Konyaspor,Galatasaray,1,3,H,0,-2,0,5,22369,Recep Uçar,-7.0,21,0.0,2025-09-22,2025-09-15,0.0,Türkiye,48.0
2025-09-28,Konyaspor,Buyuksehyr,2,1,H,1,1,3,6,22369,Recep Uçar,-6.0,21,0.0,2025-09-22,2025-09-15,0.0,Türkiye,48.0
2025-10-05,Konyaspor,Kasimpasa,1,1,D,0,0,1,7,22369,Recep Uçar,-5.0,21,0.0,2025-09-29,2025-09-22,1.0,Türkiye,48.0
2025-10-18,Konyaspor,Kocaelispor,2,3,A,1,-1,0,8,22369,Recep Uçar,-4.0,21,0.0,2025-10-13,2025-10-06,0.0,Türkiye,48.0
2025-10-22,Konyaspor,Besiktas,0,2,A,1,-2,0,9,22369,Recep Uçar,-3.0,21,0.0,2025-10-20,2025-10-13,0.75,Türkiye,48.0
2025-10-26,Konyaspor,Genclerbirligi,2,1,A,0,1,3,10,22369,Recep Uçar,-2.0,21,0.0,2025-10-20,2025-10-13,0.75,Türkiye,48.0
2025-11-02,Konyaspor,Samsunspor,1,3,A,1,-2,0,11,22369,Recep Uçar,-1.0,21,0.0,2025-10-27,2025-10-20,0.8,Türkiye,48.0
2025-11-09,Konyaspor,Karagumruk,0,2,H,0,-2,0,12,46594,Çağdaş Atan,0.0,21,1.0,2025-11-03,2025-10-27,0.375,Türkiye,40.5
2025-11-24,Konyaspor,Antalyaspor,0,0,D,1,0,1,13,46594,Çağdaş Atan,1.0,21,1.0,2025-11-24,2025-11-17,0.0,Türkiye,40.5
2025-11-29,Konyaspor,Trabzonspor,1,3,H,0,-2,0,14,46594,Çağdaş Atan,2.0,21,1.0,2025-11-24,2025-11-17,0.0,Türkiye,40.5
2025-12-06,Konyaspor,Rizespor,1,1,D,1,0,1,15,46594,Çağdaş Atan,3.0,21,1.0,2025-12-01,2025-11-24,1.0,Türkiye,40.5
2025-12-15,Konyaspor,Fenerbahce,0,4,H,0,-4,0,16,46594,Çağdaş Atan,4.0,21,1.0,2025-12-15,2025-12-08,0.0,Türkiye,40.5
2025-12-20,Konyaspor,Kayserispor,1,1,D,1,0,1,17,46594,Çağdaş Atan,5.0,21,1.0,2025-12-15,2025-12-08,0.0,Türkiye,40.5
2026-01-19,Konyaspor,Eyupspor,1,1,D,1,0,1,18,46594,Çağdaş Atan,6.0,21,1.0,2026-01-19,2026-01-12,0.0,Türkiye,40.5
2026-01-25,Konyaspor,Gaziantep,1,1,D,0,0,1,19,46594,Çağdaş Atan,7.0,21,1.0,2026-01-19,2026-01-12,0.0,Türkiye,40.5
2026-01-31,Konyaspor,Besiktas,1,2,H,0,-1,0,20,46594,Çağdaş Atan,8.0,21,1.0,2026-01-26,2026-01-19,0.4375,Türkiye,40.5
2026-02-08,Konyaspor,Goztep,0,0,D,1,0,1,21,41916,İlhan Palut,9.0,21,1.0,2026-02-02,2026-01-26,0.7,Türkiye,43.0
2026-02-14,Konyaspor,Alanyaspor,1,2,H,0,-1,0,22,41916,İlhan Palut,10.0,21,1.0,2026-02-09,2026-02-02,0.7763,Türkiye,43.0
2025-09-21,Rizespor,Kocaelispor,1,1,D,0,0,1,5,41916,İlhan Palut,-10.0,22,0.0,2025-09-15,2025-09-08,0.0,Türkiye,43.0
2025-09-28,Rizespor,Kasimpasa,1,2,A,1,-1,0,6,41916,İlhan Palut,-9.0,22,0.0,2025-09-22,2025-09-15,0.0,Türkiye,43.0
2025-10-03,Rizespor,Antalyaspor,5,2,A,0,3,3,7,41916,İlhan Palut,-8.0,22,0.0,2025-09-29,2025-09-22,0.0,Türkiye,43.0
2025-10-18,Rizespor,Trabzonspor,1,2,A,1,-1,0,8,41916,İlhan Palut,-7.0,22,0.0,2025-10-13,2025-10-06,0.0,Türkiye,43.0
2025-10-22,Rizespor,Buyuksehyr,0,0,D,1,0,1,9,41916,İlhan Palut,-6.0,22,0.0,2025-10-20,2025-10-13,0.0,Türkiye,43.0
2025-10-27,Rizespor,Samsunspor,1,1,D,0,0,1,10,41916,İlhan Palut,-5.0,22,0.0,2025-10-27,2025-10-20,0.0,Türkiye,43.0
2025-11-03,Rizespor,Karagumruk,1,0,H,1,1,3,11,41916,İlhan Palut,-4.0,22,0.0,2025-11-03,2025-10-27,0.0,Türkiye,43.0
2025-11-08,Rizespor,Gaziantep,2,2,D,0,0,1,12,41916,İlhan Palut,-3.0,22,0.0,2025-11-03,2025-10-27,0.0,Türkiye,43.0
2025-11-23,Rizespor,Fenerbahce,2,5,A,1,-3,0,13,41916,İlhan Palut,-2.0,22,0.0,2025-11-17,2025-11-10,0.0,Türkiye,43.0
2025-11-29,Rizespor,Kayserispor,0,1,A,1,-1,0,14,41916,İlhan Palut,-1.0,22,0.0,2025-11-24,2025-11-17,0.0,Türkiye,43.0
2025-12-06,Rizespor,Konyaspor,1,1,D,0,0,1,15,22369,Recep Uçar,0.0,22,1.0,2025-12-01,2025-11-24,0.9318,Türkiye,48.0
2025-12-13,Rizespor,Eyupspor,3,0,H,1,3,3,16,22369,Recep Uçar,1.0,22,1.0,2025-12-08,2025-12-01,0.25,Türkiye,48.0
2025-12-20,Rizespor,Besiktas,0,1,H,0,-1,0,17,22369,Recep Uçar,2.0,22,1.0,2025-12-15,2025-12-08,0.0,Türkiye,48.0
2026-01-19,Rizespor,Goztep,1,3,H,0,-2,0,18,22369,Recep Uçar,3.0,22,1.0,2026-01-19,2026-01-12,0.0,Türkiye,48.0
2026-01-25,Rizespor,Alanyaspor,1,1,D,1,0,1,19,22369,Recep Uçar,4.0,22,1.0,2026-01-19,2026-01-12,0.0,Türkiye,48.0
2026-01-31,Rizespor,Buyuksehyr,2,2,D,0,0,1,20,22369,Recep Uçar,5.0,22,1.0,2026-01-26,2026-01-19,0.0,Türkiye,48.0
2026-02-08,Rizespor,Galatasaray,0,3,A,1,-3,0,21,22369,Recep Uçar,6.0,22,1.0,2026-02-02,2026-01-26,0.0,Türkiye,48.0
2026-02-14,Rizespor,Genclerbirligi,2,2,D,0,0,1,22,22369,Recep Uçar,7.0,22,1.0,2026-02-09,2026-02-02,0.0,Türkiye,48.0
2026-02-20,Rizespor,Kocaelispor,2,0,H,1,2,3,23,22369,Recep Uçar,8.0,22,1.0,2026-02-16,2026-02-09,0.0,Türkiye,48.0
2026-02-28,Rizespor,Kasimpasa,3,0,A,0,3,3,24,22369,Recep Uçar,9.0,22,1.0,2026-02-23,2026-02-16,0.0,Türkiye,48.0
2026-03-08,Rizespor,Antalyaspor,1,0,H,1,1,3,25,22369,Recep Uçar,10.0,22,1.0,2026-03-02,2026-02-23,0.75,Türkiye,48.0
2025-11-23,Samsunspor,Besiktas,1,1,D,0,0,1,13,19735,Thomas Reis,-10.0,23,0.0,2025-11-17,2025-11-10,0.0,Germany,50.7
2025-12-01,Samsunspor,Alanyaspor,1,1,D,1,0,1,14,19735,Thomas Reis,-9.0,23,0.0,2025-12-01,2025-11-24,0.0,Germany,50.7
2025-12-05,Samsunspor,Galatasaray,2,3,H,0,-1,0,15,19735,Thomas Reis,-8.0,23,0.0,2025-12-01,2025-11-24,0.0,Germany,50.7
2025-12-14,Samsunspor,Buyuksehyr,0,2,A,1,-2,0,16,19735,Thomas Reis,-7.0,23,0.0,2025-12-08,2025-12-01,0.0,Germany,50.7
2025-12-21,Samsunspor,Goztep,0,2,H,0,-2,0,17,19735,Thomas Reis,-6.0,23,0.0,2025-12-15,2025-12-08,0.0,Germany,50.7
2026-01-18,Samsunspor,Genclerbirligi,1,1,D,0,0,1,18,19735,Thomas Reis,-5.0,23,0.0,2026-01-12,2026-01-05,0.0,Germany,50.7
2026-01-24,Samsunspor,Kocaelispor,0,0,D,1,0,1,19,19735,Thomas Reis,-4.0,23,0.0,2026-01-19,2026-01-12,0.0,Germany,50.7
2026-01-30,Samsunspor,Kasimpasa,1,0,A,0,1,3,20,19735,Thomas Reis,-3.0,23,0.0,2026-01-26,2026-01-19,0.0,Germany,50.7
2026-02-07,Samsunspor,Trabzonspor,0,3,A,1,-3,0,21,19735,Thomas Reis,-2.0,23,0.0,2026-02-02,2026-01-26,0.5,Germany,50.7
2026-02-13,Samsunspor,Antalyaspor,1,3,H,0,-2,0,22,19735,Thomas Reis,-1.0,23,0.0,2026-02-09,2026-02-02,0.0,Germany,50.7
2026-02-22,Samsunspor,Karagumruk,0,0,D,0,0,1,23,3770,Thorsten Fink,0.0,23,1.0,2026-02-16,2026-02-09,0.7396,Germany,58.3
2026-03-01,Samsunspor,Gaziantep,0,0,D,1,0,1,24,3770,Thorsten Fink,1.0,23,1.0,2026-02-23,2026-02-16,0.6667,Germany,58.3
2026-03-08,Samsunspor,Fenerbahce,2,3,H,0,-1,0,25,3770,Thorsten Fink,2.0,23,1.0,2026-03-02,2026-02-23,0.125,Germany,58.3
2026-03-15,Samsunspor,Kayserispor,2,1,H,1,1,3,26,3770,Thorsten Fink,3.0,23,1.0,2026-03-09,2026-03-02,0.0,Germany,58.3
2026-04-05,Samsunspor,Konyaspor,2,2,D,1,0,1,27,3770,Thorsten Fink,4.0,23,1.0,2026-03-30,2026-03-23,0.0,Germany,58.3
2026-04-09,Samsunspor,Rizespor,1,4,H,0,-3,0,28,3770,Thorsten Fink,5.0,23,1.0,2026-04-06,2026-03-30,0.0,Germany,58.3
2026-04-13,Samsunspor,Eyupspor,2,1,A,0,1,3,29,3770,Thorsten Fink,6.0,23,1.0,2026-04-13,2026-04-06,0.625,Germany,58.3
