trainer_id,trainer_slug,manager,nationality,date_of_birth,place_of_birth,citizenship
85399,kubilayhan-yucel,Kubilayhan Yücel,Türkiye,1954-10-04,Adana,Türkiye
136834,hilmi-bozkurt,Hilmi Bozkurt,Türkiye,1966-04-15,Izmir,Türkiye
45316,koray-palaz,Koray Palaz,Türkiye,1978-11-29,Istanbul,Türkiye England
51878,mustafa-alper-avci,Mustafa Alper Avcı,Türkiye,1981-08-18,Izmir,Türkiye
63323,mustafa-dalci,Mustafa Dalcı,Türkiye,1973-07-01,Sivas,Türkiye
44479,serkan-damla,Serkan Damla,Türkiye,1973-10-25,Mersin,Türkiye
20119,michael-valkanis,Michael Valkanis,Australia,1974-08-23,Melbourne,Australia Greece
801,hikmet-karaman,Hikmet Karaman,Türkiye,1960-03-09,Giresun,Türkiye
15093,patrick-kluivert,Patrick Kluivert,Netherlands,1976-07-01,Amsterdam,Netherlands Suriname
11795,vincenzo-montella,Vincenzo Montella,Italy,1974-06-18,Pomigliano d'Arco,Italy
5002,samet-aybaba,Samet Aybaba,Türkiye,1955-02-03,Adana,Türkiye
38778,cuneyt-dumlupinar,Cüneyt Dumlupınar,Türkiye,1980-08-10,Izmir,Türkiye
10719,umit-ozat,Ümit Özat,Türkiye,1976-10-30,Ankara,Türkiye
2492,ugur-tutuneker,Uğur Tütüneker,Türkiye,1963-08-02,Bursa,Türkiye
810,yilmaz-vural,Yılmaz Vural,Türkiye,1953-01-01,Sakarya,Türkiye Germany
5471,hakan-kutlu,Hakan Kutlu,Türkiye,1972-01-14,Amasya,Türkiye
2446,mustafa-ugur,Mustafa Uğur,Türkiye,1963-01-19,Kayseri,Türkiye
43227,timucin-bayazit,Timuçin Bayazit,Türkiye,1972-10-26,Adana,Türkiye
57202,gurcan-aday,Gürcan Aday,Türkiye,1958-02-12,Istanbul,Türkiye
788,giray-bulak,Giray Bulak,Türkiye,1958-03-09,Trabzon,Türkiye
53433,tekin-incebaldir,Tekin İncebaldır,Türkiye,1964-01-19,Adana,Türkiye
5205,engin-ipekoglu,Engin İpekoğlu,Türkiye,1961-06-07,Izmir,Türkiye
19095,erkan-sozeri,Erkan Sözeri,Türkiye,1966-05-19,Ankara,Türkiye
7877,tayfur-havutcu,Tayfur Havutçu,Türkiye,1970-04-23,Hanau,Türkiye Germany
9284,osman-ozkoylu,Osman Özköylü,Türkiye,1971-08-26,Aydin,Türkiye
4776,unal-karaman,Ünal Karaman,Türkiye,1966-06-29,Konya,Türkiye
10323,ercan-albay,Ercan Albay,Türkiye,1954-12-04,Samsun,Türkiye
23371,nurettin-yilmaz,Nurettin Yılmaz,Türkiye,1962-01-01,Hatay,Türkiye
5204,yucel-ildiz,Yücel İldiz,Türkiye,1953-06-04,Adana,Türkiye
5215,osman-ozdemir,Osman Özdemir,Türkiye,1961-09-01,Sakarya,Türkiye
22825,durmus-ali-colak,Durmuş Ali Çolak,Türkiye,1965-08-18,Hatay,Türkiye
16987,ali-gunes,Ali Güneş,Türkiye,1961-07-15,Gaziantep,Türkiye
16910,soner-tolunguc,Soner Tolungüç,Türkiye,1964-10-14,Hatay,Türkiye
27072,huseyin-ozcan,Hüseyin Özcan,Türkiye,1966-01-04,Ordu,Türkiye
19093,abdulkerim-durmaz,Abdülkerim Durmaz,Türkiye,1960-09-13,Istanbul,Türkiye
43757,behzat-cinar,Behzat Çınar,Türkiye,1946-04-09,Ankara,Türkiye
2333,metin-yildiz,Metin Yıldız,Türkiye,1960-10-24,Sivas,Türkiye
22826,sadi-tekelioglu,Sadi Tekelioğlu,Türkiye,1955-01-15,Trabzon,Türkiye
2444,levent-eris,Levent Eriş,Türkiye,1962-09-17,Izmir,Türkiye
124265,mujdat-karanfilci,Müjdat Karanfilci,Türkiye,,,
31436,orhan-ucak,Orhan Uçak,Türkiye,1956-01-07,Adana,Türkiye
36705,ibrahim-uzunca,İbrahim Uzunca,Türkiye,1962-01-02,Adana,Türkiye
60758,ali-hosfikirer,Ali Hoşfikirer,Türkiye,1944-03-05,Adana,Türkiye
799,kasim-gunduz,Kasım Gündüz,Türkiye,1957-08-28,Adana,Türkiye
61267,rasin-gurcan,Rasin Gürcan,Türkiye,1953-02-03,Izmir,Türkiye
33840,necati-ozcaglayan,Necati Özçağlayan,Türkiye,1953-05-15,Trabzon,Türkiye
10484,metin-turel,Metin Türel,Türkiye,1937-09-13,Istanbul,Türkiye
10372,ilyas-tufekci,İlyas Tüfekçi,Türkiye,1960-02-03,Istanbul,Türkiye
60737,nevzat-guzelirmak,Nevzat Güzelırmak,Türkiye,1942-01-01,Izmir,Türkiye
69590,cengiz-hosfikirer,Cengiz Hoşfikirer,Türkiye,1958-05-25,Adana,Türkiye
59973,kemal-omeragic,Kemal Omeragic,Serbia,1931-09-16,Skopje,Serbia North Macedonia
814,sakip-ozberk,Sakıp Özberk,Türkiye,1945-05-01,Gaziantep,Türkiye
61283,feridun-kose,Feridun Köse,Türkiye,1944-10-24,Ankara,Türkiye
66911,yasar-kartal,Yaşar Kartal,Türkiye,1934-01-15,Adana,Türkiye
4111,fuad-muzurovic,Fuad Muzurovic,Bosnia-Herzegovina,1945-11-03,Bijelo Polje,Bosnia-Herzegovina
84460,gurcan-berk,Gürcan Berk,Türkiye,1936-07-03,Izmir,Türkiye
99553,cetin-guler,Çetin Güler,Türkiye,1940-06-26,Istanbul,Türkiye
60108,gunduz-tekin-onay,Gündüz Tekin Onay,Türkiye,1942-05-31,Cankiri,Türkiye
143605,marko-valok,Marko Valok,Serbia,1927-03-05,Belgrade,Serbia
25822,coskun-ozari,Coşkun Özarı,Türkiye,1931-06-10,Istanbul,Türkiye
135935,dogan-emultay,Doğan Emültay,Türkiye,1927-01-29,Manisa,Türkiye
10483,zeynel-soyuer,Zeynel Soyuer,Türkiye,1939-12-15,Bursa,Türkiye
136803,yuksel-doganay,Yüksel Doğanay,Türkiye,1930-11-25,Kirklareli,Türkiye
106474,sabahattin-erman,Sabahattin Erman,Türkiye,1921-11-29,Istanbul,Türkiye
125218,ali-hikmet-aydinoglu,Ali Hikmet Aydınoğlu,Türkiye,1929-04-10,Adana,Türkiye
26216,abdulah-gegic,Abdulah Gegic,Serbia,1924-03-19,Novi Pazar,Serbia Türkiye
61728,kadri-aytac,Kadri Aytaç,Türkiye,1931-08-06,Istanbul,Türkiye
114975,huseyin-buran,Hüseyin Buran,Türkiye,,,Türkiye
110048,selahattin-tetik,Selahattin Tetik,Türkiye,1905-07-01,Ankara,Türkiye
116648,ahmet-aribogan,Ahmet Arıboğan,Türkiye,1927-07-18,Adana,Türkiye
150056,savas-bahadir,Savaş Bahadır,Türkiye,1976-11-14,Adana,Türkiye
2032,yuksel-yesilova,Yüksel Yeşilova,Türkiye,1972-01-24,Adana,Türkiye
125469,ercan-unal,Ercan Ünal,Türkiye,1982-10-10,Adana,Türkiye
64778,hakan-keles,Hakan Keleş,Türkiye,1972-01-08,Sakarya,Türkiye
19920,yusuf-simsek,Yusuf Şimşek,Türkiye,1975-07-20,Antalya,Türkiye
10144,kemal-kilic,Kemal Kılıç,Türkiye,1956-04-25,Adana,Türkiye
1228,francois-ciccolini,François Ciccolini,France,1962-06-03,Cozzano,France
112571,sol-bamba,Sol Bamba,Cote d'Ivoire,1985-01-13,Ivry-sur-Seine,Cote d'Ivoire France
31384,eyup-arin,Eyüp Arın,Türkiye,1962-06-19,Adana,Türkiye
27861,mustafa-kaplan,Mustafa Kaplan,Türkiye,,,
71537,ozhan-pulat,Özhan Pulat,Türkiye,1984-10-30,Bursa,Türkiye
38319,onder-karaveli,Önder Karaveli,Türkiye,1974-03-26,Istanbul,Türkiye
19341,sait-karafirtinalar,Sait Karafırtınalar,Türkiye,1969-01-01,Izmir,Türkiye
68495,firat-gul,Fırat Gül,Türkiye,1984-07-09,Amasya,Türkiye
88762,emrah-bayraktar,Emrah Bayraktar,Türkiye,1976-10-19,Adana,Türkiye
77155,yunus-ceylan,Yunus Ceylan,Türkiye,1979-12-25,Istanbul,Türkiye
37937,fatih-akyel,Fatih Akyel,Türkiye,1977-12-26,Istanbul,Türkiye
8012,coskun-demirbakan,Coşkun Demirbakan,Türkiye,1954-11-10,Eskisehir,Türkiye
5540,cihat-arslan,Cihat Arslan,Türkiye,1970-02-09,Balikesir,Türkiye
2628,levent-sahin,Levent Şahin,Türkiye,1973-09-20,Balikesir,Türkiye
4756,krunoslav-jurcic,Krunoslav Jurcic,Croatia,1969-11-26,Ljubuski,Croatia
804,guvenc-kurtar,Güvenç Kurtar,Türkiye,1950-07-25,Usak,Türkiye
8914,ekrem-al,Ekrem Al,Türkiye,1955-01-01,Trabzon,Türkiye
16263,cemal-gursel-mentese,Cemal Gürsel Menteşe,Türkiye,1965-11-01,Trabzon,Türkiye
8010,mustafa-capanoglu,Mustafa Çapanoğlu,Türkiye,1956-01-01,Kayseri,Türkiye
2022,husnu-ozkara,Hüsnü Özkara,Türkiye,1955-01-25,Trabzon,Türkiye
12053,huseyin-kalpar,Hüseyin Kalpar,Türkiye,1955-02-25,Gaziantep,Türkiye
64743,cihat-erbil,Cihat Erbil,Türkiye,1946-06-01,Kirklareli,Türkiye
87372,ibrahim-okutan,İbrahim Okutan,Türkiye,1959-03-29,Adana,Türkiye
60759,zafer-gonculer,Zafer Göncüler,Türkiye,1950-11-22,Ankara,Türkiye
85397,sevket-kesler,Şevket Kesler,Türkiye,1956-10-31,Nevsehir,Türkiye
37857,ahmet-ziya-yuce,Ahmet Ziya Yüce,Türkiye,1957-07-06,Adana,Türkiye
17749,bahri-kaya,Bahri Kaya,Türkiye,1957-06-10,Trabzon,Türkiye
69200,ridvan-dilmen,Rıdvan Dilmen,Türkiye,1962-08-15,Aydin,Türkiye
495,joachim-low,Joachim Löw,Germany,1960-02-03,Schönau im Schwarzwald,Germany
2609,nenad-bijedic,Nenad Bijedic,Bosnia-Herzegovina,1959-09-24,Mostar,Bosnia-Herzegovina Türkiye
795,ziya-dogan,Ziya Doğan,Türkiye,1961-01-01,Gümüshane,Türkiye
5429,gheorghe-multescu,Gheorghe Mulțescu,Romania,1951-11-13,Botoroaga,Romania Türkiye
802,umit-kayihan,Ümit Kayıhan,Türkiye,1954-02-28,Izmir,Türkiye
64761,ali-osman-renklibay,Ali Osman Renklibay,Türkiye,1948-10-24,Konya,Türkiye
60117,necip-erdogan,Necip Erdoğan,Türkiye,1948-03-19,Yozgat,Türkiye
124322,aydin-tohumcu,Aydın Tohumcu,Türkiye,1943-02-01,Bilecik,Türkiye
108766,ender-konca,Ender Konca,Türkiye,1947-09-22,Istanbul,Türkiye
85275,isa-erturk,İsa Ertürk,Türkiye,1955-07-17,Ankara,Türkiye
28493,djordje-milic,Djordje Milic,Serbia,1943-10-27,Belgrad,Serbia
63302,nihat-atacan,Nihat Atacan,Türkiye,1942-01-23,Eskisehir,Türkiye
61776,halil-gungordu,Halil Güngördü,Türkiye,1943-01-09,Sakarya,Türkiye
62237,candan-dumanli,Candan Dumanlı,Türkiye,1939-01-07,Kayseri,Türkiye
71000,tamer-guney,Tamer Güney,Türkiye,1936-01-06,Bilecik,Türkiye
84715,cevdet-soyluoglu,Cevdet Soyluoğlu,Türkiye,1935-01-01,Konya,Türkiye
32874,bulent-eken,Bülent Eken,Türkiye,1923-10-26,Istanbul,Türkiye
108945,halil-ozyazici,Halil Özyazıcı,Türkiye,1923-01-01,,Türkiye
10633,isa-turan,İsa Turan,Türkiye,1969-08-06,Trabzon,Türkiye
123846,husnu-kosaner,Hüsnü Koşaner,Türkiye,1980-02-07,Manisa,Türkiye
107889,gorkem-gungor,Görkem Güngör,Türkiye,1987-03-15,Izmir,Türkiye
22945,ilker-yanar,İlker Yanar,Türkiye,1971-03-13,Izmir,Türkiye
111882,senturk-karabak,Sentürk Karabak,Türkiye,1966-10-02,Sivas,Türkiye
68148,theofanis-gekas,Theofanis Gekas,Greece,1980-05-23,Larisa,Greece
37672,muhammet-yilmaz,Muhammet Yilmaz,Türkiye,1971-09-09,Balikesir,Türkiye
18041,mesut-dilsoz,Mesut Dilsöz,Türkiye,1967-06-23,Bursa,Türkiye
61439,cem-kavcak,Cem Kavçak,Türkiye,1978-07-03,Manisa,Türkiye
5195,mehmet-altiparmak,Mehmet Altıparmak,Türkiye,1969-05-01,Ankara,Türkiye
2026,safet-susic,Safet Susic,Bosnia-Herzegovina,1955-04-13,Zavidovići,Bosnia-Herzegovina
23531,okan-buruk,Okan Buruk,Türkiye,1973-10-19,Istanbul,Türkiye
5006,tolunay-kafkas,Tolunay Kafkas,Türkiye,1968-03-31,Ankara,Türkiye
29100,roberto-carlos,Roberto Carlos,Brazil,1973-04-10,Garça,Brazil Spain
15266,mustafa-resit-akcay,Mustafa Reşit Akçay,Türkiye,1958-12-12,Trabzon,Türkiye
8536,hamza-hamzaoglu,Hamza Hamzaoğlu,Türkiye,1970-07-01,Komotini,Türkiye
15011,mehmet-atila-ozcan,Mehmet Atila Özcan,Türkiye,1951-01-01,Manisa,Türkiye
17969,mustafa-serin,Mustafa Serin,Türkiye,1955-10-24,Konya,Türkiye
89676,erhan-dodanli,Erhan Dodanlı,Türkiye,1952-05-02,Bitlis,Türkiye
77061,mehmet-celal-bolgen,Mehmet Celal Bölgen,Türkiye,1948-06-03,Kocaeli,Türkiye
123948,hayri-zabun,Hayri Zabun,Türkiye,1953-03-08,Balikesir,Türkiye
2821,turgut-ucar,Turgut Uçar,Türkiye,1964-03-10,Izmir,Türkiye
49550,can-cangok,Can Cangök,Türkiye,1960-02-18,Balikesir,Türkiye
41897,adnan-ozbagci,Adnan Özbağcı,Türkiye,1961-10-27,Izmir,Türkiye
123896,behic-basatugrul,Behiç Başatuğrul,Türkiye,1959-11-04,Manisa,Türkiye
84979,aydogan-tunay,Aydoğan Tunay,Türkiye,1945-02-02,Kocaeli,Türkiye
93770,joao-pereira,João Pereira,Portugal,1984-02-25,Lisboa,Portugal
90166,sami-ugurlu,Sami Uğurlu,Türkiye,1978-04-27,Izmir,Türkiye
29046,fatih-tekke,Fatih Tekke,Türkiye,1977-09-09,Trabzon,Türkiye
41081,omer-erdogan,Ömer Erdoğan,Türkiye,1977-05-03,Kassel,Türkiye Germany
811,ersun-yanal,Ersun Yanal,Türkiye,1961-12-17,Izmir,Türkiye
73923,francesco-farioli,Francesco Farioli,Italy,1989-04-10,Barga,Italy
4176,bulent-korkmaz,Bülent Korkmaz,Türkiye,1968-11-24,Malatya,Türkiye
46594,cagdas-atan,Çağdaş Atan,Türkiye,1980-02-28,Izmir,Türkiye
40285,erol-bulut,Erol Bulut,Türkiye,1975-01-31,Bad Schwalbach,Türkiye Germany
32128,sergen-yalcin,Sergen Yalçın,Türkiye,1972-11-05,Istanbul,Türkiye
784,mesut-bakkal,Mesut Bakkal,Türkiye,1964-03-19,Kirikkale,Türkiye
9012,erhan-altin,Erhan Altın,Türkiye,1956-08-28,Samsun,Türkiye
26625,ali-haydar-durusoy,Ali Haydar Durusoy,Türkiye,1961-01-01,Antalya,Türkiye
20968,armagan-turhan,Armağan Turhan,Türkiye,,,
22853,muharrem-ugur,Muharrem Uğur,Türkiye,1961-07-01,Konya,Türkiye
13266,altan-cetindag,Altan Çetindağ,Türkiye,1957-07-07,Izmir,Türkiye
19135,salih-kamil-kabay,Salih Kamil Kabay,Türkiye,1960-06-01,Burdur,Türkiye
60105,aldogan-argon,Aldoğan Argon,Türkiye,1952-03-24,Kocaeli,Türkiye
69125,rauf-kolanci,Rauf Kolancı,Türkiye,1969-01-15,Antalya,Türkiye
66634,yildirim-uran,Yıldırım Uran,Türkiye,1955-10-06,Ankara,Türkiye
6365,orhan-kapucu,Orhan Kapucu,Türkiye,1959-09-29,Batman,Türkiye
90012,sedat-gezer,Sedat Gezer,Türkiye,1954-11-15,Samsun,Türkiye
23630,mustafa-kahraman-karatas,Mustafa Kahraman Karataş,Türkiye,1954-11-01,Mersin,Türkiye
47520,mehmet-akdulger,Mehmet Akdülger,Türkiye,1957-09-12,Aydin,Türkiye
72425,tarik-soyleyici,Tarık Söyleyici,Türkiye,1956-04-17,Kütahya,Türkiye
35467,bulent-topuzoglu,Bülent Topuzoğlu,Türkiye,1957-12-22,Diyarbakir,Türkiye
70017,fatih-eser,Fatih Eser,Türkiye,1957-08-18,Ankara,Türkiye
66633,arda-vural,Arda Vural,Türkiye,1946-02-12,Izmir,Türkiye
69791,fevzi-zemzem,Fevzi Zemzem,Türkiye,1941-07-04,Hatay,Türkiye
118244,orhan-gulmez,Orhan Gülmez,Türkiye,1940-07-20,Ankara,Türkiye
117788,mehmet-can-karagoz,Mehmet Can Karagöz,Türkiye,1986-03-20,Izmir,Türkiye
65364,ramazan-kursunlu,Ramazan Kurşunlu,Türkiye,1981-07-07,Izmir,Türkiye Kosovo
92058,gokhan-karaaslan,Gökhan Karaaslan,Türkiye,1993-06-05,Eskisehir,Türkiye
26603,cuneyt-bicer,Cüneyt Biçer,Türkiye,1975-11-27,Izmir,Türkiye
69963,serkan-afacan,Serkan Afacan,Türkiye,1972-11-29,Balikesir,Türkiye
70092,djilali-bahloul,Djilali Bahloul,France,1982-01-09,Relizane,France Algeria
97759,ozkan-kilic,Özkan Kılıç,Türkiye,1982-11-17,Diyarbakir,Türkiye
100717,tuna-uzumcu,Tuna Üzümcü,Türkiye,1982-08-06,Izmir,Türkiye
84667,sinan-kaloglu,Sinan Kaloğlu,Türkiye,1981-06-10,Tunceli,Türkiye
59420,serkan-ozbalta,Serkan Özbalta,Türkiye,,,
71006,mert-nobre,Mert Nobre,Brazil,1980-11-06,Jateí,Brazil Türkiye
7875,mustafa-denizli,Mustafa Denizli,Türkiye,1949-11-10,Izmir,Türkiye
32976,yalcin-kosukavak,Yalçın Koşukavak,Türkiye,1972-10-14,Izmir,Türkiye
48148,ali-tandogan,Ali Tandoğan,Türkiye,1977-12-25,Manisa,Türkiye
60115,ozden-toraydin,Özden Töraydin,Türkiye,1979-02-16,Eskisehir,Türkiye
18920,ismet-tasdemir,İsmet Taşdemir,Türkiye,1974-01-01,Igdir,Türkiye
12423,umit-turmus,Ümit Turmuş,Türkiye,1960-06-21,Izmir,Türkiye
36664,serdar-sabuncu,Serdar Sabuncu,Türkiye,1977-10-22,Izmir,Türkiye
5201,serhat-guller,Serhat Güller,Türkiye,1968-12-18,Eskisehir,Türkiye
31974,mesut-toros,Mesut Toros,Türkiye,1969-04-12,Izmir,Türkiye
809,feyyaz-ucar,Feyyaz Uçar,Türkiye,1963-10-27,Istanbul,Türkiye
22841,beyhan-caliskan,Beyhan Çalışkan,Türkiye,1960-04-06,Rousse,Türkiye Bulgaria
23370,toprak-kirtoglu,Toprak Kırtoğlu,Türkiye,1971-06-10,,Türkiye
15310,ercan-ertemcoz,Ercan Ertemçöz,Türkiye,1956-08-25,Izmir,Türkiye
14232,zafer-bilgetay,Zafer Bilgetay,Türkiye,1956-10-15,Izmir,Türkiye
5212,fuat-yaman,Fuat Yaman,Türkiye,1958-12-05,Skopje,Türkiye
9106,tahir-karapinar,Tahir Karapınar,Türkiye,1967-04-20,Izmir,Türkiye
76336,umit-birol,Ümit Birol,Türkiye,1963-01-26,Samsun,Türkiye
6366,ismail-kartal,İsmail Kartal,Türkiye,1961-06-15,Istanbul,Türkiye
65201,enver-katip,Enver Katip,Türkiye,1944-07-25,Rize,Türkiye
6523,metin-tekin,Metin Tekin,Türkiye,1964-05-08,Kocaeli,Türkiye
2512,miodrag-jesic,Miodrag Jesic,Serbia,1958-11-30,Osečenica,Serbia
2018,reha-kapsal,Reha Kapsal,Türkiye,1963-04-11,Diyarbakir,Türkiye
86849,behic-funda,Behiç Funda,Türkiye,1954-03-22,Izmir,Türkiye
63248,zinnur-sari,Zinnur Sarı,Türkiye,1947-04-04,Kocaeli,Türkiye
22719,marian-bondrea,Marian Bondrea,Romania,1950-11-02,Craiova,Romania
54666,ivan-kyuchukov,Ivan Kyuchukov,Bulgaria,1946-02-01,Dupnitsa,Bulgaria
10481,milorad-mitrovic,Milorad Mitrovic,Serbia,1949-01-31,,Serbia
4097,rasit-cetiner,Raşit Çetiner,Türkiye,1959-09-10,Istanbul,Türkiye
4088,momcilo-vukotic,Momcilo Vukotic,Serbia,1950-06-02,Belgrade,Serbia
65295,erol-kaynak,Erol Kaynak,Türkiye,1934-03-10,Mugla,Türkiye
61073,erkan-kural,Erkan Kural,Türkiye,1936-06-17,Istanbul,Türkiye
2476,franciszek-smuda,Franciszek Smuda,Poland,1948-06-22,Lubomia,Poland Germany
5196,mehmet-akif-basaran,Mehmet Akif Başaran,Türkiye,1956-02-15,Izmir,Türkiye
23247,milos-milutinovic,Milos Milutinovic,Serbia,1933-02-05,Bajina Bašta,Serbia
12356,kalman-meszoly,Kálmán Mészöly,Hungary,1941-07-16,Budapest,Hungary
87567,ayfer-elmastasoglu,Ayfer Elmastaşoğlu,Türkiye,1944-02-16,Izmir,Türkiye
127921,coskun-suer,Coşkun Süer,Türkiye,1943-12-16,Zonguldak,Türkiye
124938,dogan-aki,Doğan Akı,Türkiye,1936-05-12,Aydin,Türkiye
46077,candan-tarhan,Candan Tarhan,Türkiye,1942-06-27,Gaziantep,Türkiye
28494,necdet-nis,Necdet Niş,Türkiye,,,
99017,akin-barhan,Akın Barhan,Türkiye,1935-07-01,Izmir,Türkiye
78405,bayram-dinsel,Bayram Dinsel,Türkiye,1925-03-13,Izmir,Türkiye
90259,sukru-ersoy,Şükrü Ersoy,Türkiye,1931-01-14,Istanbul,Türkiye
32264,stjepan-bobek,Stjepan Bobek,Croatia,1923-12-03,Zagreb,Croatia
2708,ted-dumitru,Ted Dumitru,Romania,1939-09-02,Bucharest,Romania
28545,gunduz-kilic,Gündüz Kılıç,Türkiye,1918-10-29,Istanbul,Türkiye
106592,halil-bicakci,Halil Bıçakçı,Türkiye,1926-07-11,Izmir,Türkiye
77868,istvan-turbeky,István Turbeky,Hungary,1922-11-23,Szigetvár,Hungary
110085,ivo-buzzegoli,Ivo Buzzegoli,Italy,1919-09-29,Lastra a Signa,Italy
28542,leandro-remondini,Leandro Remondini,Italy,1917-11-17,Verona,Italy
37380,recep-karatepe,Recep Karatepe,Türkiye,1977-07-04,Ankara,Türkiye
3106,kemal-ozdes,Kemal Özdeş,Türkiye,1970-05-10,Manisa,Türkiye
70331,hakan-demirkan,Hakan Demirkan,Türkiye,1971-10-04,Ankara,Türkiye
17833,kenan-kocak,Kenan Kocak,Germany,1981-01-05,Kayseri,Germany
82796,emre-belozoglu,Emre Belözoğlu,Türkiye,1980-09-07,Istanbul,Türkiye
107881,sedat-agcay,Sedat Ağçay,Türkiye,1981-09-22,Mus,Türkiye
2043,fuat-capa,Fuat Çapa,Türkiye,1968-08-15,Afyonkarahisar,Türkiye
43477,ibrahim-uzulmez,İbrahim Üzülmez,Türkiye,1974-03-10,Kocaeli,Türkiye
5199,metin-diyadin,Metin Diyadin,Türkiye,,,
38129,aykan-atik,Aykan Atik,Türkiye,1971-12-28,Ankara,Türkiye
30871,bayram-bektas,Bayram Bektaş,Türkiye,1974-02-10,Trabzon,Türkiye
30975,hayati-soydas,Hayati Soydaş,Türkiye,1966-05-01,Gümüshane,Türkiye
36504,muammer-ozdemir,Muammer Özdemir,Türkiye,1958-12-12,Ankara,Türkiye
19319,celal-kiprizli,Celal Kıprızlı,Türkiye,1950-04-28,Giresun,Türkiye
32673,fuat-akyuz,Fuat Akyüz,Türkiye,1959-11-30,Ankara,Türkiye
27374,yilmaz-ozlem,Yılmaz Özlem,Türkiye,1972-06-01,Bursa,Türkiye
1051,roger-lemerre,Roger Lemerre,France,1941-06-18,Bricquebec,France
12285,nazmi-erdenerin,Nazmi Erdenerin,Türkiye,1959-05-29,Ankara,Türkiye
787,ozcan-bizati,Özcan Bizati,Türkiye,1968-05-31,Denizli,Türkiye
24,hans-peter-briegel,Hans-Peter Briegel,Germany,1955-10-11,Kaiserslautern,Germany
73120,vlado-bozinovski,Vlado Bozinovski,Australia,1964-03-30,Ohrid,Australia North Macedonia
16989,adnan-senturk,Adnan Şentürk,Türkiye,1958-12-19,Trabzon,Türkiye
789,riza-calimbay,Rıza Çalımbay,Türkiye,1963-02-02,Sivas,Türkiye
57966,tevfik-lav,Tevfik Lav,Türkiye,1959-07-11,Mersin,Türkiye
5599,mihai-stoichita,Mihai Stoichiță,Romania,1954-05-10,Bucharest,Romania
25611,tinaz-tirpan,Tınaz Tırpan,Türkiye,1939-04-28,Ankara,Türkiye
7416,jozef-jarabinsky,Jozef Jarabinsky,Czech Republic,1944-03-12,Jarabina,Czech Republic
62729,kamuran-yavuz,Kamuran Yavuz,Türkiye,1947-12-30,Tekirdag,Türkiye
7927,valeriy-nepomnyashchiy,Valeriy Nepomnyashchiy,Russia,1943-08-07,"Slavgorod, Altay Region",Russia Turkmenistan
69239,cevat-irez,Cevat İrez,Türkiye,1940-08-13,Ankara,Türkiye
253,fatih-terim,Fatih Terim,Türkiye,1953-09-04,Adana,Türkiye
31003,brian-birch,Brian Birch,England,1931-11-18,Salford,England
46133,yilmaz-gokdel,Yılmaz Gökdel,Türkiye,1940-02-20,Istanbul,Türkiye
106507,ismet-arikan,İsmet Arıkan,Türkiye,1934-06-16,Konya,Türkiye
31712,sabri-kiraz,Sabri Kiraz,Türkiye,1920-06-24,Istanbul,Türkiye
135894,mustafa-hasanagic,Mustafa Hasanagic,Serbia,1941-04-20,Priboj,Serbia
72921,ziya-taner,Ziya Taner,Türkiye,1924-04-03,Skopje,Türkiye North Macedonia
93423,mustafa-ertan,Mustafa Ertan,Türkiye,1926-04-21,Bursa,Türkiye
72084,galip-turkkan,Galip Türkkan,Türkiye,,Skopje,Türkiye
108886,bedri-kaya,Bedri Kaya,Türkiye,,,Türkiye
110059,fikret-bilal,Fikret Bilal,Türkiye,,,Türkiye
2627,bahaddin-gunes,Bahaddin Güneş,Türkiye,1960-03-10,Trabzon,Türkiye
34322,mehmet-ak,Mehmet Ak,Türkiye,1982-05-18,Trabzon,Türkiye
22570,muhammet-akagunduz,Muhammet Akagündüz,Austria,1978-01-11,Bingöl,Austria Türkiye
125536,olcay-sahan,Olcay Şahan,Türkiye,1987-05-26,Düsseldorf,Türkiye Germany
46223,bayram-toysal,Bayram Toysal,Türkiye,1977-01-01,Hatay,Türkiye
63841,adem-caglayan,Adem Çağlayan,Türkiye,1981-11-19,Erzurum,Türkiye
57735,ibrahim-celik,İbrahim Çelik,Türkiye,1980-05-12,Balikesir,Türkiye
37816,ilker-puren,İlker Püren,Türkiye,1983-09-20,Ankara,Türkiye
10654,ozcan-kiziltan,Özcan Kızıltan,Türkiye,1959-07-12,Istanbul,Türkiye
8008,taner-taskin,Taner Taşkın,Türkiye,1972-10-27,Izmir,Türkiye
52554,mustafa-ozer,Mustafa Özer,Türkiye,1969-08-27,Siirt,Türkiye
24256,irfan-buz,İrfan Buz,Germany,1967-04-15,Istanbul,Germany Türkiye
5014,bulent-uygun,Bülent Uygun,Türkiye,1971-08-01,Sakarya,Türkiye
207,jurgen-rober,Jürgen Röber,Germany,1953-12-25,Gernrode,Germany
1061,aykut-kocaman,Aykut Kocaman,Türkiye,1965-04-05,Sakarya,Türkiye
2626,alper-boguslu,Alper Boğuşlu,Türkiye,,,
41917,mersud-demirovic,Mersud Demirovic,Bosnia-Herzegovina,1958-09-17,Bihac,Bosnia-Herzegovina Türkiye
86916,haluk-seckin,Haluk Seçkin,Türkiye,1963-08-24,Sanliurfa,Türkiye
5211,umit-erol-tok,Ümit Erol Tok,Türkiye,1951-10-08,Sinop,Türkiye
6646,sinan-engin,Sinan Engin,Türkiye,1964-11-04,Trabzon,Türkiye
65470,mujdat-yalman,Müjdat Yalman,Türkiye,1949-08-14,Ankara,Türkiye
84982,taner-hanci,Taner Hanci,Türkiye,1954-09-12,Ankara,Türkiye
49793,alaattin-gulerce,Alaattin Gülerce,Türkiye,1970-07-09,Malatya,Türkiye
91297,alex,Alex,Brazil,1977-09-14,Curitiba,Brazil
96813,nuri-sahin,Nuri Şahin,Türkiye,1988-09-05,Lüdenscheid,Türkiye Germany
30988,tamer-tuna,Tamer Tuna,Türkiye,1976-07-01,Ardahan,Türkiye
33374,stjepan-tomas,Stjepan Tomas,Croatia,1976-03-06,Bugojno,Croatia
56577,david-badia-cequier,David Badia Cequier,Spain,1974-09-04,Gavà,Spain
8631,leonardo,Leonardo,Brazil,1969-09-05,Niterói,Brazil Italy
434,jose-morais,José Morais,Portugal,1965-07-27,Golungo Alto,Portugal Angola
99122,samuel-etoo,Samuel Eto'o,Cameroon,1981-03-10,Douala,Cameroon Spain
43867,mehmet-ugurlu,Mehmet Uğurlu,Türkiye,1967-02-16,Antalya,Türkiye
7479,hami-mandirali,Hami Mandıralı,Türkiye,1968-07-20,Trabzon,Türkiye
17834,engin-korukir,Engin Korukır,Türkiye,1958-06-13,Kocaeli,Türkiye
815,mehmet-ozdilek,Mehmet Özdilek,Türkiye,1966-04-01,Samsun,Türkiye
148540,adnan-gulek,Adnan Gülek,Türkiye,1963-12-17,Istanbul,Türkiye
63332,adnan-dincer,Adnan Dinçer,Türkiye,,,
67791,mehmet-ali-ozturk,Mehmet Ali Öztürk,Türkiye,1954-03-24,Mersin,Türkiye
67790,cezmi-turhan,Cezmi Turhan,Türkiye,1957-07-08,Nigde,Türkiye
57844,metin-unal,Metin Ünal,Türkiye,1946-11-15,Antalya,Türkiye
6206,rudiger-abramczik,Rüdiger Abramczik,Germany,1956-02-18,Gelsenkirchen,Germany
2332,senol-gunes,Şenol Güneş,Türkiye,1952-06-01,Trabzon,Türkiye
4708,ahmet-akcan,Ahmet Akcan,Türkiye,1958-02-17,Bursa,Türkiye
60106,erdem-tugal,Erdem Tuğal,Türkiye,1948-04-27,Cankiri,Türkiye
60796,valeriu-neagu,Valeriu Neagu,Romania,1930-04-26,,Romania
28492,rasim-kara,Rasim Kara,Türkiye,1950-06-10,Eskisehir,Türkiye
154881,ali-riza-senol,Ali Rıza Şenol,Türkiye,1941-02-19,Tetovo,Türkiye North Macedonia
17499,peter-stubbe,Peter Stubbe,Germany,1943-08-08,,Germany
130496,kamuran-soykiray,Kamuran Soykıray,Türkiye,1931-07-01,Izmir,Türkiye
72396,abdullah-matay,Abdullah Matay,Türkiye,1928-01-06,Eskisehir,Türkiye
77975,serpil-hamdi-tuzun,Serpil Hamdi Tüzün,Türkiye,1939-07-20,Istanbul,Türkiye
128202,lefter-kucukandonyadis,Lefter Küçükandonyadis,Türkiye,1924-12-22,Istanbul,Türkiye
114979,aleksandar-petakovic,Aleksandar Petaković,Serbia,1930-02-06,Belgrad,Serbia
91727,zafer-uysal,Zafer Uysal,Türkiye,1976-01-07,Amasya,Türkiye
17012,ismail-ertekin,İsmail Ertekin,Türkiye,1959-01-01,Bursa,Türkiye
43963,veyis-kanber,Veyis Kanber,Türkiye,1970-09-09,Erzurum,Türkiye
41899,cem-cambaz,Cem Cambaz,Türkiye,1977-06-26,Mugla,Türkiye
70016,mehmet-demirtas,Mehmet Demirtaş,Türkiye,1958-09-15,Istanbul,Türkiye
24586,recep-cetin,Recep Çetin,Türkiye,1965-10-01,Sakarya,Türkiye
57305,ugur-balcioglu,Uğur Balcıoğlu,Türkiye,1972-02-01,Corum,Türkiye
83064,yunus-icuz,Yunus İçuz,Türkiye,1983-03-27,Balikesir,Türkiye
51143,ismet-kamak,Ismet Kamak,Türkiye,1976-03-16,Ankara,Türkiye
81935,umut-baysal,Umut Baysal,Türkiye,1986-06-17,Balikesir,Türkiye
8750,reha-erginer,Reha Erginer,Türkiye,1970-04-01,Manisa,Türkiye
19581,fikret-yilmaz,Fikret Yılmaz,Türkiye,1957-08-01,Adana,Türkiye
13269,selahaddin-dincel,Selahaddin Dinçel,Türkiye,1975-09-01,Manisa,Türkiye
13270,ergun-ortakci,Ergun Ortakcı,Türkiye,1959-01-01,Balikesir,Türkiye
113226,ahmet-kilic,Ahmet Kılıç,Türkiye,1956-05-19,Samsun,Türkiye
81719,okan-atay,Okan Atay,Türkiye,1966-09-20,Balikesir,Türkiye
31494,tuncay-soyak,Tuncay Soyak,Türkiye,,,
26723,fevzi-sevinc,Fevzi Sevinç,Türkiye,1952-01-01,Skopje,Türkiye North Macedonia
124227,kamil-doygun,Kamil Doygun,Türkiye,1953-05-01,Istanbul,Türkiye
87309,aydin-hepanil,Aydın Hepanıl,Türkiye,1948-07-19,Ankara,Türkiye
124326,mahmut-evren,Mahmut Evren,Türkiye,1941-09-18,Bilecik,Türkiye
35026,ergun-kantarci,Ergun Kantarcı,Türkiye,1946-11-01,Trabzon,Türkiye
64789,sebahattin-akgul,Sebahattin Akgül,Türkiye,1950-10-15,Tekirdag,Türkiye
154494,ertan-oznur,Ertan Öznur,Türkiye,1944-09-02,Afyonkarahisar,Türkiye
1108,huseyin-hamamci,Hüseyin Hamamcı,Türkiye,1951-01-01,Manisa,Türkiye
35468,hasan-yuksel,Hasan Yüksel,Türkiye,1957-10-13,Izmir,Türkiye
64080,erkan-velioglu,Erkan Velioğlu,Türkiye,1941-02-28,Rize,Türkiye
60116,necdet-zorluer,Necdet Zorluer,Türkiye,1945-03-16,Istanbul,Türkiye
137441,muhterem-ar,Muhterem Ar,Türkiye,1935-09-08,Kocaeli,Türkiye
128115,muhittin-kipcak,Muhittin Kıpçak,Türkiye,1933-09-11,Balikesir,Türkiye
136514,suat-mamat,Suat Mamat,Türkiye,1930-11-08,Istanbul,Türkiye
131834,selahattin-torkal,Selahattin Torkal,Türkiye,1924-11-15,Istanbul,Türkiye
66213,necdet-oran,Necdet Oran,Türkiye,1937-01-01,Sakarya,Türkiye
110880,recep-adanir,Recep Adanır,Türkiye,1929-05-03,Ankara,Türkiye
7286,ole-gunnar-solskjaer,Ole Gunnar Solskjaer,Norway,1973-02-26,Kristiansund,Norway
88763,serdar-topraktepe,Serdar Topraktepe,Türkiye,,,
20014,giovanni-van-bronckhorst,Giovanni van Bronckhorst,Netherlands,1975-02-05,Rotterdam,Netherlands
782,fernando-santos,Fernando Santos,Portugal,1954-10-10,Lisboa,Portugal
117405,burak-yilmaz,Burak Yılmaz,Türkiye,1985-07-15,Antalya,Türkiye
12871,valerien-ismael,Valérien Ismaël,France,1975-09-28,Strasbourg,France Guadeloupe
5078,abdullah-avci,Abdullah Avcı,Türkiye,1963-07-31,Istanbul,Türkiye
3598,slaven-bilic,Slaven Bilic,Croatia,1968-09-11,Split,Croatia
1588,carlos-carvalhal,Carlos Carvalhal,Portugal,1965-12-04,Braga,Portugal
555,bernd-schuster,Bernd Schuster,Germany,1959-12-22,Augsburg,Germany
2019,ertugrul-saglam,Ertuğrul Sağlam,Türkiye,1969-11-19,Zonguldak,Türkiye
258,jean-tigana,Jean Tigana,France,1955-06-23,Bamako,France Mali
40,vicente-del-bosque,Vicente del Bosque,Spain,1950-12-23,Salamanca,Spain
805,mircea-lucescu,Mircea Lucescu,Romania,1945-07-29,Bucharest,Romania
38,christoph-daum,Christoph Daum,Germany,1953-10-24,Zwickau,Germany
693,nevio-scala,Nevio Scala,Italy,1947-11-22,Lozzo Atestino,Italy
62,karl-heinz-feldkamp,Karl-Heinz Feldkamp,Germany,1934-06-02,Essen,Germany
1825,john-toshack,John Toshack,Wales,1949-03-22,Cardiff,Wales
9455,gordon-milne,Gordon Milne,England,1937-03-29,Preston,England Scotland
22946,branko-stankovic,Branko Stankovic,Serbia,1921-10-31,Sarajevo,Serbia Bosnia-Herzegovina
57147,dogan-andac,Doğan Andaç,Türkiye,1923-07-01,Izmir,Türkiye
31011,milovan-ciric,Milovan Ciric,Serbia,1918-02-12,Beograd,Serbia
1518,horst-buhtz,Horst Buhtz,Germany,1923-09-21,Magdeburg,Germany
28547,krum-milev,Krum Milev,Bulgaria,1915-06-11,Sofia,Bulgaria
28544,jane-janevski,Jane Janevski,North Macedonia,1920-01-01,,North Macedonia
28543,ljubisa-spajic,Ljubisa Spajic,Serbia,1926-03-07,Belgrad,Serbia
28546,ernst-melchior,Ernst Melchior,Austria,1920-06-26,Villach,Austria
31013,andras-kuttik,András Kuttik,Hungary,1896-05-23,Budapest,Hungary
12545,sandro-puppo,Sandro Puppo,Italy,1918-01-28,Piacenza,Italy
108851,huseyin-saygun,Hüseyin Saygun,Türkiye,1918-10-16,Istanbul,Türkiye
28541,jozsef-meszaros,József Mészáros,Hungary,1923-01-16,Pesterzsébet,Hungary
32056,cihat-arman,Cihat Arman,Türkiye,1915-07-16,Istanbul,Türkiye
93101,eric-keen,Eric Keen,England,1910-10-04,Newcastle upon Tyne,England
45374,giuseppe-meazza,Giuseppe Meazza,Italy,1910-08-23,Milano,Italy
155418,charlie-slade,Charlie Slade,England,1891-01-29,Bristol,England
117564,burhan-eser,Burhan Eşer,Türkiye,1985-01-01,Diyarbakir,Türkiye
132844,serdar-ozdemir,Serdar Özdemir,Türkiye,1990-11-26,Kayseri,Türkiye
72485,volkan-demirel,Volkan Demirel,Türkiye,1981-10-27,Istanbul,Türkiye
30876,tahsin-tam,Tahsin Tam,Türkiye,1969-09-15,Bursa,Türkiye
36942,tarik-dasgun,Tarık Daşgün,Türkiye,1973-08-26,Ankara,Türkiye
47476,necati-erkmen,Necati Erkmen,Türkiye,1966-11-05,Yozgat,Türkiye
53280,ali-merdin,Ali Merdin,Türkiye,1978-04-19,Istanbul,Türkiye
151880,fatih-parmaksiz,Fatih Parmaksız,Türkiye,1961-10-21,Ankara,Türkiye
16202,ali-haldun-girginer,Ali Haldun Girginer,Türkiye,1952-10-27,Eskisehir,Türkiye
119948,serkan-baziya,Serkan Baziya,Türkiye,1983-05-07,Izmir,Türkiye
34844,nedim-akgul,Nedim Akgül,Türkiye,1973-03-29,Izmir,Türkiye
52372,tolga-dogantez,Tolga Doğantez,Türkiye,1975-02-22,Izmir,Türkiye
42586,algun-erdem,Algun Erdem,Türkiye,1973-08-02,Tunceli,Türkiye
60133,yuksel-kepoglu,Yüksel Kepoğlu,Türkiye,1968-07-04,Istanbul,Türkiye
58605,aytekin-sumbul,Aytekin Sümbül,Türkiye,1971-10-03,Izmir,Türkiye
5198,mehmet-bulut,Mehmet Bulut,Türkiye,1958-02-05,Kayseri,Türkiye
10827,ahmet-yildirim,Ahmet Yıldırım,Türkiye,1974-02-25,Amasya,Türkiye
36673,fatih-uygun,Fatih Uygun,Türkiye,1979-10-30,Canakkale,Türkiye
38175,ilker-seven,İlker Seven,Türkiye,1967-03-11,Izmir,Türkiye
2849,suat-kaya,Suat Kaya,Türkiye,1967-08-26,Istanbul,Türkiye
43498,cemil-akkoyun,Cemil Akkoyun,Türkiye,1951-10-25,Canakkale,Türkiye
32286,mustafa-bahadir,Mustafa Bahadır,Türkiye,1969-05-30,Trabzon,Türkiye
49116,nuri-adiguzel,Nuri Adıgüzel,Türkiye,1955-06-01,Mardin,Türkiye
32701,ali-nail-durmus,Ali Nail Durmuş,Türkiye,1970-11-20,Sakarya,Türkiye
76081,hayri-obus,Hayri Obüs,Türkiye,1951-02-28,Ankara,Türkiye
50866,necat-gurpinar,Necat Gürpinar,Türkiye,1958-03-08,Manisa,Türkiye England
39571,zeki-cakir,Zeki Çakır,Türkiye,1960-05-05,Sakarya,Türkiye
22384,hayrettin-demirbas,Hayrettin Demirbaş,Türkiye,1963-06-26,Istanbul,Türkiye
39063,riza-tuyuran,Rıza Tuyuran,Türkiye,1960-08-25,Istanbul,Türkiye
53723,mustafa-er,Mustafa Er,Türkiye,1980-01-11,Bursa,Türkiye
93136,pablo-batalla,Pablo Batalla,Argentina,1984-01-16,Córdoba,Argentina Türkiye
128278,metin-serbest,Metin Serbest,Türkiye,1977-10-14,Bursa,Türkiye
34578,umit-sengul,Ümit Şengül,Türkiye,1968-09-06,Igdir,Türkiye
25918,murat-sozkesen,Murat Sözkesen,Türkiye,1975-04-01,Ordu,Türkiye
120544,nedim-vatansever,Nedim Vatansever,Türkiye,1979-09-01,Bursa,Türkiye
61295,yalcin-gunduz,Yalçın Gündüz,Türkiye,1966-02-04,Bursa,Türkiye
114473,ozer-hurmaci,Özer Hurmacı,Türkiye,1986-11-20,Kassel,Türkiye Germany
1234,paul-le-guen,Paul Le Guen,France,1964-03-01,Pencran,France
53235,adnan-ornek,Adnan Örnek,Türkiye,1965-10-17,Bursa,Türkiye
2618,mutlu-topcu,Mutlu Topçu,Türkiye,1970-11-16,Bursa,Türkiye
22410,ersel-uzgur,Ersel Uzğur,Türkiye,1967-01-01,Bursa,Türkiye
22418,mehmet-kulaksizoglu,Mehmet Kulaksızoğlu,Türkiye,1955-05-02,Trabzon,Türkiye
85,gheorghe-hagi,Gheorghe Hagi,Romania,1965-02-05,Săcele,Romania Türkiye
783,erdogan-arica,Erdoğan Arıca,Türkiye,1954-07-24,Ordu,Türkiye
16,jorg-berger,Jörg Berger,Germany,1944-10-13,Gotenhafen,Germany
75943,kemal-batmaz,Kemal Batmaz,Türkiye,1954-09-01,Gjilan,Türkiye Kosovo
70068,sinan-bur,Sinan Bür,Türkiye,1950-11-15,Bursa,Türkiye
849,sepp-piontek,Sepp Piontek,Germany,,,
32050,ion-nunweiller,Ion Nunweiller,Romania,1936-01-09,Piatra Neamț,Romania
30967,ahmet-suat-ozyazici,Ahmet Suat Özyazıcı,Türkiye,1936-04-20,Trabzon,Türkiye
28491,tomislav-kaloperovic,Tomislav Kaloperovic,Serbia,1932-01-31,Obrenovac,Serbia
149681,sinan-oral,Sinan Oral,Türkiye,1952-11-27,Bursa,Türkiye
124882,muhtar-tucaltan,Muhtar Tuçaltan,Türkiye,1926-06-11,Bursa,Türkiye
128022,laszlo-szarvas,László Szarvas,Hungary,1940-10-07,,Hungary
97929,hasan-bora,Hasan Bora,Türkiye,1939-11-01,Kocaeli,Türkiye
45901,fethi-demircan,Fethi Demircan,Türkiye,1938-06-20,Elazig,Türkiye
5079,arif-erdem,Arif Erdem,Türkiye,1972-01-02,Istanbul,Türkiye
5214,kadir-ozcan,Kadir Özcan,Türkiye,1952-06-21,Trabzon,Türkiye
20942,fahrettin-genc,Fahrettin Genç,Türkiye,1953-02-04,Samsun,Türkiye
8015,turhan-ozyazanlar,Turhan Özyazanlar,Türkiye,1955-12-28,Ankara,Türkiye
36677,hikmet-sevim,Hikmet Sevim,Türkiye,1958-07-07,Sakarya,Türkiye
79867,fadil-kurt,Fadıl Kurt,Türkiye,1968-11-06,Istanbul,Türkiye
43496,vehbi-cevher,Vehbi Cevher,Türkiye,1957-05-15,Canakkale,Türkiye
58163,mehmet-cogum,Mehmet Çoğum,Türkiye,1983-02-05,Hatay,Türkiye
10411,mustafa-meteertem,Mustafa Meteertem,Türkiye,1961-11-08,Canakkale,Türkiye
49926,mehmet-ozdemir,Mehmet Özdemir,Türkiye,,,
40964,deniz-kolgu,Deniz Kolgu,Türkiye,1974-01-28,Istanbul,Türkiye
31855,ahmet-duman,Ahmet Duman,Türkiye,1957-04-10,Canakkale,Türkiye
3679,yavuz-incedal,Yavuz İncedal,Türkiye,1961-08-25,Konya,Türkiye
10472,oktay-cevik,Oktay Çevik,Türkiye,1955-08-20,Rize,Türkiye
92091,cem-pamiroglu,Cem Pamiroğlu,Türkiye,1957-09-17,Istanbul,Türkiye
26641,levent-devrim,Levent Devrim,Türkiye,1969-08-26,Hatay,Türkiye
7997,hayrettin-gumusdag,Hayrettin Gümüşdağ,Türkiye,1965-08-28,Ankara,Türkiye
69220,hurser-tekinoktay,Hürser Tekinoktay,Türkiye,1960-07-31,Istanbul,Türkiye
38836,senol-ustaomer,Şenol Ustaömer,Türkiye,1961-08-18,Trabzon,Türkiye
61208,erol-togay,Erol Togay,Türkiye,1950-02-01,Ankara,Türkiye
124228,gunay-kayarlar,Günay Kayarlar,Türkiye,1935-02-12,Istanbul,Türkiye
72407,kursat-tas,Kürşat Taş,Türkiye,1976-02-01,Denizli,Türkiye
6651,ali-yalcin,Ali Yalçın,Türkiye,1965-11-12,Denizli,Türkiye
122726,sukru-akar,Şükrü Akar,Türkiye,1974-06-25,Denizli,Türkiye
130749,cagdas-mavioglu,Çağdaş Mavioğlu,Türkiye,1977-01-01,Mugla,Türkiye
44286,bulent-ertugrul,Bülent Ertuğrul,Türkiye,1978-09-17,Denizli,Türkiye
109594,mustafa-gozlukaya,Mustafa Gözlükaya,Türkiye,1983-09-05,Denizli,Türkiye
56137,serhat-gulpinar,Serhat Gülpınar,Türkiye,1979-01-01,Tokat,Türkiye
6653,robert-prosinecki,Robert Prosinecki,Croatia,1969-01-12,Schwenningen,Croatia Serbia
49153,levent-kartop,Levent Kartop,Türkiye,1979-08-21,Denizli,Türkiye
26649,selahattin-dervent,Selahattin Dervent,Türkiye,1967-01-15,Manisa,Türkiye
10881,serdar-dayat,Serdar Dayat,Türkiye,1969-05-30,Istanbul,Türkiye Germany
18151,kenan-atik,Kenan Atik,Türkiye,1965-05-20,Denizli,Türkiye
1540,faruk-hadzibegic,Faruk Hadzibegic,Bosnia-Herzegovina,1957-10-07,Sarajevo,Bosnia-Herzegovina France
806,nurullah-saglam,Nurullah Sağlam,Türkiye,1966-01-28,Gaziantep,Türkiye
84631,melih-garipler,Melih Garipler,Türkiye,1941-03-27,Denizli,Türkiye
60114,omer-kaner,Ömer Kaner,Türkiye,1951-05-21,Istanbul,Türkiye Germany
49210,hasan-akcayli,Hasan Akçaylı,Türkiye,1950-11-21,Izmir,Türkiye
10367,bulent-under,Bülent Ünder,Türkiye,,,
13876,ozkan-sumer,Özkan Sümer,Türkiye,1940-11-20,Trabzon,Türkiye
108768,ilie-datcu,Ilie Datcu,Romania,1937-07-20,Țapu,Romania Türkiye
136078,mustafa-ozkula,Mustafa Özkula,Türkiye,,,Türkiye
73534,aytekin-yildirim,Aytekin Yıldırım,Türkiye,1984-01-01,Elazig,Türkiye
36761,faruk-turk,Faruk Türk,Türkiye,1970-04-20,Diyarbakir,Türkiye
37709,ramazan-erin,Ramazan Erin,Türkiye,1971-02-05,Diyarbakir,Türkiye
109508,oktay-kahraman,Oktay Kahraman,Türkiye,1980-09-01,Diyarbakir,Türkiye
72409,huseyin-kaya,Hüseyin Kaya,Türkiye,1976-07-01,Diyarbakir,Türkiye
98469,erol-yesilbas,Erol Yeşilbaş,Türkiye,1971-12-20,Agri,Türkiye
22847,seyithan-ozdas,Seyithan Özdaş,Türkiye,1964-01-01,Mardin,Türkiye
5213,murat-yigiter,Murat Yiğiter,Türkiye,1971-05-08,Bingöl,Türkiye
99800,rafet-iyem,Rafet İyem,Türkiye,1960-01-01,Diyarbakir,Türkiye
81835,enver-aylak,Enver Aylak,Türkiye,1965-02-01,Diyarbakir,Türkiye
22912,levent-numanoglu,Levent Numanoğlu,Türkiye,1956-03-06,Rize,Türkiye
21788,ali-ravci,Ali Ravci,Türkiye,1973-01-01,Malatya,Türkiye
20965,recep-bayik,Recep Bayık,Türkiye,1955-03-13,Diyarbakir,Türkiye
18468,kemal-zeydan,Kemal Zeydan,Türkiye,1966-08-02,Bitlis,Türkiye
87481,suat-demir,Suat Demir,Türkiye,1957-01-01,Diyarbakir,Türkiye
1652,oguz-cetin,Oğuz Çetin,Türkiye,1963-02-15,Sakarya,Türkiye
64081,ilyas-sazalan,İlyas Sazalan,Türkiye,1949-02-12,Izmir,Türkiye
123141,mehmet-emin-sevmis,Mehmet Emin Sevmiş,Türkiye,1945-01-01,Diyarbakir,Türkiye
134086,enver-urekli,Enver Ürekli,Türkiye,,,
142123,cahit-kargi,Cahit Kargı,Türkiye,1929-03-01,Diyarbakir,Türkiye
87566,turan-agalday,Turan Ağalday,Türkiye,1938-04-03,Malatya,Türkiye
71386,mustafa-sarigul,Mustafa Sarıgül,Türkiye,1972-07-10,Istanbul,Türkiye
49296,bulent-yenihayat,Bülent Yenihayat,Türkiye,1975-09-21,Istanbul,Türkiye
38320,alaettin-tutas,Alaettin Tutaş,Türkiye,1965-09-18,Elazig,Türkiye
86361,ramazan-celik,Ramazan Çelik,Türkiye,1984-06-25,Adana,Türkiye
19092,cafer-aydin,Cafer Aydın,Türkiye,1971-11-17,Corum,Türkiye
96492,kenan-kamac,Kenan Kamac,Türkiye,1964-01-29,Elazig,Türkiye
88319,umit-tekoglu,Ümit Tekoğlu,Türkiye,1975-07-31,Elazig,Türkiye
22388,orhan-kaynak,Orhan Kaynak,Türkiye,1970-03-01,Adana,Türkiye
22411,sefer-yilmaz,Sefer Yılmaz,Türkiye,1969-01-22,Bursa,Türkiye
60149,muammer-surmeli,Muammer Sürmeli,Türkiye,1973-07-30,Izmir,Türkiye
10917,ogun-temizkanoglu,Ogün Temizkanoğlu,Türkiye,1969-10-06,Hamm,Türkiye Germany
1097,trond-sollied,Trond Sollied,Norway,1959-04-29,Mo i Rana,Norway
30992,saban-yildirim,Şaban Yıldırım,Türkiye,1970-01-25,Sakarya,Türkiye
35830,omer-faruk-gokce,Ömer Faruk Gökçe,Türkiye,1962-07-27,Elazig,Türkiye
32366,hasan-ozer,Hasan Özer,Türkiye,1974-10-01,Siirt,Türkiye
17006,mustafa-aksu,Mustafa Aksu,Türkiye,1959-07-01,Elazig,Türkiye
6371,serafettin-tutas,Şerafettin Tutaş,Türkiye,1955-02-05,Elazig,Türkiye
13282,mehmet-sahan,Mehmet Şahan,Türkiye,1958-01-01,Gaziantep,Türkiye
86448,ahmet-gul,Ahmet Gül,Türkiye,1946-08-06,Elazig,Türkiye
61063,ali-kemal-denizci,Ali Kemal Denizci,Türkiye,1950-03-01,Trabzon,Türkiye
57205,nevzat-sipal,Nevzat Sipal,Türkiye,,,
136113,timucin-cug,Timuçin Çuğ,Türkiye,1951-09-14,Ankara,Türkiye
61781,mehmet-eksi,Mehmet Ekşi,Türkiye,1953-04-01,Elazig,Türkiye
87715,celal-genc,Celal Genç,Türkiye,1940-03-01,Trabzon,Türkiye
124342,fehmi-kus,Fehmi Kuş,Türkiye,1949-01-02,Kayseri,Türkiye
34457,ertugrul-secme,Ertuğrul Seçme,Türkiye,,,
37671,mustafa-simsek-ozkes,Mustafa Şimşek Özkeş,Türkiye,1963-08-18,Kayseri,Türkiye
31290,alaaddin-demirozu,Alaaddin Demirözü,Türkiye,1962-04-08,Konya,Türkiye
13023,kemalettin-senturk,Kemalettin Şentürk,Türkiye,1970-02-09,Artvin,Türkiye
8208,ergun-penbe,Ergün Penbe,Türkiye,1972-05-17,Zonguldak,Türkiye
40845,ercument-sahin,Ercüment Şahin,Türkiye,1968-10-01,Bülach,Türkiye Switzerland
14476,zekeriya-altiparmak,Zekeriya Altıparmak,Türkiye,1963-11-26,Kayseri,Türkiye
10449,mustafa-altindag,Mustafa Altındağ,Türkiye,1957-06-13,Kayseri,Türkiye
9303,osman-yozgat,Osman Yozgat,Türkiye,1962-07-01,,Türkiye
144,werner-lorant,Werner Lorant,Germany,1948-11-21,Welver,Germany
124353,tekin-yolac,Tekin Yolaç,Türkiye,1935-01-13,Istanbul,Türkiye
93424,erdogan-gurhan,Erdoğan Gürhan,Türkiye,1935-07-01,Kayseri,Türkiye
113698,naci-ozkaya,Naci Özkaya,Türkiye,1922-07-01,Trabzon,Türkiye
69080,sebati-ozturk,Sebati Öztürk,Türkiye,1957-06-05,Erzurum,Türkiye
61309,murat-simsek,Murat Şimşek,Türkiye,1963-04-30,Ankara,Türkiye
5202,ulvi-guveneroglu,Ulvi Güveneroğlu,Türkiye,,,
22920,hasan-celik,Hasan Çelik,Türkiye,1968-03-27,Istanbul,Türkiye
22832,ramazan-silin,Ramazan Silin,Türkiye,1965-05-01,Adana,Türkiye
96494,atilla-turkoz,Atilla Türköz,Türkiye,1958-07-27,Denizli,Türkiye
31004,ahmet-kazim-ertem,Ahmet Kazım Ertem,Türkiye,1957-06-16,Samsun,Türkiye
13271,mehmet-kaya,Mehmet Kaya,Türkiye,1949-01-02,Erzincan,Türkiye
34192,fethi-turkoglu,Fethi Türkoğlu,Türkiye,1954-07-11,Trabzon,Türkiye
69081,abdusselam-gokcan,Abdusselam Gökçan,Türkiye,1963-02-13,Bayburt,Türkiye
81979,stanislav-karasi,Stanislav Karasi,Serbia,1946-11-08,Belgrad,Serbia
68517,ruslan-abdullayev,Ruslan Abdullayev,Azerbaijan,1944-03-07,,Azerbaijan
60109,yilmaz-yuceturk,Yılmaz Yücetürk,Türkiye,1940-07-01,Balikesir,Türkiye
20676,ilyas-akcay,İlyas Akçay,Türkiye,1948-01-01,Trabzon,Türkiye
78271,teoman-yamanlar,Teoman Yamanlar,Türkiye,1939-03-02,Ankara,Türkiye
147581,turgut-kafkas,Turgut Kafkas,Türkiye,1941-11-22,Trabzon,Türkiye
84822,selahattin-arin,Selahattin Arın,Türkiye,1929-04-17,Adana,Türkiye
27558,muzaffer-bilazer,Muzaffer Bilazer,Türkiye,1977-06-20,Trabzon,Türkiye
29119,huseyin-cimsir,Hüseyin Çimşir,Türkiye,1979-05-26,Trabzon,Türkiye
10148,besim-durmus,Besim Durmuş,Türkiye,1965-09-01,Samsun,Türkiye
28591,taskin-gungor,Taşkın Güngör,Türkiye,1966-10-01,Rize,Türkiye
19693,faik-demir,Faik Demir,Türkiye,1966-01-01,Gaziantep,Türkiye
93070,fetullah-demir,Fetullah Demir,Türkiye,1983-08-13,Erzurum,Türkiye
12866,hakan-sapci,Hakan Şapçı,Türkiye,1973-03-12,Manisa,Türkiye
134081,serdar-gocerler,Serdar Göçerler,Türkiye,1977-01-04,Bilecik,Türkiye
34444,umit-metin-yildiz,Ümit Metin Yıldız,Türkiye,1965-06-28,Istanbul,Türkiye
19133,ibrahim-bas,İbrahim Baş,Türkiye,1964-03-20,Manisa,Türkiye
115408,sezgin-coskun,Sezgin Coşkun,Türkiye,1984-08-23,Ardahan,Türkiye
107556,ali-onur-cerrah,Ali Onur Cerrah,Türkiye,1983-03-01,Hatay,Türkiye
49849,emre-ozbayer,Emre Özbayer,Türkiye,1976-10-15,Eskisehir,Türkiye
59911,cem-karaca,Cem Karaca,Türkiye,1976-05-08,Hofheim am Taunus,Türkiye Germany
31507,cengiz-secsev,Cengiz Seçsev,Türkiye,1960-06-09,Eskisehir,Türkiye
88651,yasin-sogut,Yasin Söğüt,Türkiye,1985-03-22,Eskisehir,Türkiye
46157,ilhan-var,İlhan Var,Türkiye,1979-11-17,Sakarya,Türkiye
10926,alpay-ozalan,Alpay Özalan,Türkiye,1973-05-29,Izmir,Türkiye
681,michael-skibbe,Michael Skibbe,Germany,1965-08-04,Gelsenkirchen,Germany
30973,ergin-isik,Ergin Işık,Türkiye,1959-05-19,Eskisehir,Türkiye
13268,erdogan-yilmaz,Erdoğan Yılmaz,Türkiye,,,
31445,senol-ulusavas,Şenol Ulusavaş,Türkiye,1962-11-10,Eskisehir,Türkiye
91693,serdal-eroy,Serdal Eroy,Türkiye,1957-01-01,Eskisehir,Türkiye
134655,kenan-korkmaz,Kenan Korkmaz,Türkiye,1961-03-15,Aydin,Türkiye
22416,zafer-tuzun,Zafer Tüzün,Türkiye,1962-08-30,Eskisehir,Türkiye
73525,orhan-yahya-yuce,Orhan Yahya Yüce,Türkiye,1950-11-29,Istanbul,Türkiye
69893,ilhan-mayakan,İlhan Mayakan,Türkiye,1951-10-03,Eskisehir,Türkiye
73561,tamas-quot-tom-quot-frivaldszky,"Tamas ""Tom"" Frivaldszky",Hungary,1940-08-30,,Hungary Belgium
78573,djorde-gerum,Djorde Gerum,Serbia,1940-01-01,Pančevo,Serbia
990,octavian-popescu,Octavian Popescu,Romania,1938-04-25,Bukarest,Romania
19158,atila-gerin,Atila Gerin,Türkiye,1968-03-03,Kirikkale,Türkiye
62361,orhan-ak,Orhan Ak,Türkiye,1979-09-29,Sakarya,Türkiye
87864,selcuk-sahin,Selçuk Şahin,Türkiye,1981-01-31,Tunceli,Türkiye
115059,arda-turan,Arda Turan,Türkiye,1987-01-30,Istanbul,Türkiye
21816,zafer-turan,Zafer Turan,Türkiye,1969-10-09,Zonguldak,Türkiye
25927,mehmet-ali-honca,Mehmet Ali Honca,Türkiye,1971-03-05,Samsun,Türkiye
10364,ferruh-ozgun,Ferruh Özgün,Türkiye,1966-09-17,Tokat,Türkiye
52373,adnan-karayaka,Adnan Karayaka,Türkiye,1961-08-02,Istanbul,Türkiye
87141,tekin-ocal,Tekin Öcal,Türkiye,1963-01-19,Ordu,Türkiye
26866,umit-inal,Ümit İnal,Türkiye,1969-09-18,Sanliurfa,Türkiye
12432,mehmet-sansal,Mehmet Şansal,Türkiye,1956-08-01,Istanbul,Türkiye
24793,murat-sahin,Murat Şahin,Türkiye,1976-02-04,Istanbul,Türkiye
111372,ilyas-kahraman,İlyas Kahraman,Türkiye,1976-03-31,Istanbul,Türkiye
13263,nevruz-serif,Nevruz Şerif,Türkiye,1951-03-22,Istanbul,Türkiye
10485,yucel-uyar,Yücel Uyar,Türkiye,1960-04-02,Samsun,Türkiye
86411,ali-ercan-otunctemur,Ali Ercan Ötünctemur,Türkiye,1956-02-08,Istanbul,Türkiye
141777,gediz-gol,Gediz Göl,Türkiye,1948-09-07,Zonguldak,Türkiye
137250,behcet-arkun,Behçet Arkun,Türkiye,1943-11-30,Istanbul,Türkiye
30857,domenico-tedesco,Domenico Tedesco,Italy,,,
65003,zeki-murat-gole,Zeki Murat Göle,Türkiye,1979-09-26,Istanbul,Türkiye
781,jose-mourinho,José Mourinho,Portugal,1963-01-26,Setúbal,Portugal
2145,jorge-jesus,Jorge Jesus,Portugal,1954-07-24,Amadora,Portugal
7571,vitor-pereira,Vítor Pereira,Portugal,1968-07-26,Espinho,Portugal
1275,erwin-koeman,Erwin Koeman,Netherlands,1961-09-20,Zaandam,Netherlands
6405,phillip-cocu,Phillip Cocu,Netherlands,1970-10-29,Eindhoven,Netherlands
3,dick-advocaat,Dick Advocaat,Netherlands,1947-09-27,Den Haag,Netherlands
624,luis-aragones,Luis Aragonés,Spain,1938-07-28,Madrid,Spain
1834,zico,Zico,Brazil,1953-03-03,Rio de Janeiro,Brazil Portugal
39106,turhan-sofuoglu,Turhan Sofuoğlu,Türkiye,1965-08-19,Sakarya,Türkiye
1186,zdenek-zeman,Zdenek Zeman,Czech Republic,1947-05-12,Praha,Czech Republic Italy
13,otto-baric,Otto Baric,Croatia,1933-06-19,Eisenkappel,Croatia
22907,todor-veselinovic,Todor Veselinovic,Serbia,1930-10-22,Novi Sad,Serbia
4628,sebastiao-lazaroni,Sebastião Lazaroni,Brazil,1950-09-15,Muriaé,Brazil
2121,carlos-alberto-parreira,Carlos Alberto Parreira,Brazil,1943-02-27,Rio de Janeiro,Brazil
9599,tomislav-ivic,Tomislav Ivic,Croatia,1933-06-30,Split,Croatia
181,holger-osieck,Holger Osieck,Germany,1948-08-31,Homberg,Germany
2697,jozef-venglos,Jozef Venglos,Slovakia,1936-02-18,Ružomberok,Slovakia
506,guus-hiddink,Guus Hiddink,Netherlands,1946-11-08,Varsseveld,Netherlands
34,pal-csernai,Pál Csernai,Hungary,1932-10-21,Pilis,Hungary
124117,teoman-cakir,Teoman Çakır,Türkiye,1938-01-03,Istanbul,Türkiye
872,friedel-rausch,Friedel Rausch,Germany,1940-02-27,Duisburg,Germany
141221,ziya-sengul,Ziya Şengül,Türkiye,1944-07-01,Pleven,Türkiye Bulgaria
25093,didi,Didi,Brazil,1928-10-08,Campos dos Goytacazes,Brazil
22644,constantin-teasca,Constantin Teasca,Romania,1922-09-25,Giurgiu,Romania
22641,traian-ionescu,Traian Ionescu,Romania,1923-06-17,Văleni,Romania
30966,ignac-molnar,Ignác Molnár,Hungary,1901-10-27,Budapest,Hungary
108944,necdet-erdem,Necdet Erdem,Türkiye,1914-01-01,Istanbul,Türkiye
31005,oscar-hold,Oscar Hold,England,1918-10-19,Carlton,England
31006,miroslav-kokotovic,Miroslav Kokotovic,Jugoslawien (SFR),1913-04-15,Lukavac,Jugoslawien (SFR) Croatia
31016,laszlo-szekely,László Székely,Hungary,1910-01-01,Budapest,Hungary
76174,zarko-mihajlovic,Zarko Mihajlovic,Serbia,1920-03-04,Neuzina,Serbia
95232,james-donnelly,James Donnelly,Ireland,1899-07-18,Ballina,Ireland
16400,domenec-torrent,Domènec Torrent,Spain,1962-07-14,Santa Coloma de Farners,Spain
28632,igor-tudor,Igor Tudor,Croatia,1978-04-16,Split,Croatia
1281,jan-olde-riekerink,Jan Olde Riekerink,Netherlands,1963-02-22,Hengelo,Netherlands
36634,orhan-atik,Orhan Atik,Türkiye,1967-02-25,Malatya,Türkiye
20881,claudio-taffarel,Claudio Taffarel,Brazil,1966-05-08,Santa Rosa,Brazil Italy
521,cesare-prandelli,Cesare Prandelli,Italy,1957-08-19,Orzinuovi,Italy
524,roberto-mancini,Roberto Mancini,Italy,1964-11-27,Jesi,Italy
570,frank-rijkaard,Frank Rijkaard,Netherlands,1962-09-30,Amsterdam,Netherlands Suriname
4710,cevat-guler,Cevat Güler,Türkiye,1959-12-03,Ordu,Türkiye
301,eric-gerets,Eric Gerets,Belgium,1954-05-18,Rekem,Belgium
449,graeme-souness,Graeme Souness,Scotland,1953-05-06,Edinburgh,Scotland
796,mufit-erkasap,Müfit Erkasap,Türkiye,1957-06-11,Sanliurfa,Türkiye
894,reinhard-saftig,Reinhard Saftig,Germany,1952-01-23,Uersfeld,Germany
94,reiner-hollmann,Reiner Hollmann,Germany,1949-09-30,Walsum,Germany
88,sigfried-held,Sigfried Held,Germany,1942-08-07,Freudenthal,Germany
44,jupp-derwall,Jupp Derwall,Germany,1927-03-10,Würselen,Germany
72598,turgay-seren,Turgay Şeren,Türkiye,1932-01-15,Ankara,Türkiye
66259,malcolm-allison,Malcolm Allison,England,1927-09-05,Dartford,England
6116,don-howe,Don Howe,England,1935-10-12,Wolverhampton,England
45883,jack-mansell,Jack Mansell,England,1927-08-22,Salford,England
137799,esfak-aykac,Eşfak Aykaç,Türkiye,1918-02-06,Istanbul,Türkiye
108799,musa-sezer,Musa Sezer,Türkiye,1914-07-01,Istanbul,Türkiye
32920,george-dick,George Dick,Scotland,1921-06-12,Torphichen,Scotland
138839,syd-puddefoot,Syd Puddefoot,England,1894-10-17,Limehouse,England
81030,gules-limbeck,Gules Limbeck,Hungary,1904-01-11,"Aiud, Transylvania",Hungary France
21806,billy-hunter,Billy Hunter,Scotland,1885-04-02,Alva,Scotland
59252,ali-sami-yen,Ali Sami Yen,Türkiye,1886-05-20,Istanbul,Türkiye
64218,ibrahim-kursat-daloglu,İbrahim Kürşat Daloğlu,Türkiye,1973-03-10,Gaziantep,Türkiye
83535,selcuk-inan,Selçuk İnan,Türkiye,1985-02-10,Hatay,Türkiye
13105,marius-sumudica,Marius Șumudică,Romania,1971-03-04,Bucharest,Romania
54840,erdal-gunes,Erdal Güneş,Türkiye,1982-03-29,Siirt,Türkiye
12110,ricardo-sa-pinto,Ricardo Sá Pinto,Portugal,1972-10-10,Porto,Portugal
41069,bulent-bolukbasi,Bülent Bölükbaşı,Türkiye,1976-06-17,Adana,Türkiye
100210,mehmet-polat,Mehmet Polat,Türkiye,1978-06-08,Gaziantep,Türkiye
17747,erol-azgin,Erol Azgın,Türkiye,1963-03-13,Gaziantep,Türkiye
5209,ismet-savcilioglu,İsmet Savcılıoğlu,Türkiye,1964-02-26,Gaziantep,Türkiye
5587,bunyamin-sural,Bünyamin Süral,Türkiye,1961-09-01,Gaziantep,Türkiye
800,sedat-karabuk,Sedat Karabük,Türkiye,1956-06-05,Samsun,Türkiye
122522,kenan-askan,Kenan Aşkan,Türkiye,1981-06-01,Corum,Türkiye
66481,erol-yasar-ayas,Erol Yaşar Ayas,Türkiye,1974-01-31,Mersin,Türkiye
37859,ender-alkan,Ender Alkan,Türkiye,1977-01-02,Sivas,Türkiye
56962,oktay-derelioglu,Oktay Derelioğlu,Türkiye,1975-12-17,Istanbul,Türkiye
30693,vedat-ozsoylu,Vedat Özsoylu,Türkiye,1948-01-12,Gaziantep,Türkiye
10052,abdullah-ercan,Abdullah Ercan,Türkiye,1971-12-08,Istanbul,Türkiye
1589,jose-couceiro,José Couceiro,Portugal,1962-10-04,Lisboa,Portugal
9561,seckin-goksel,Seçkin Göksel,Türkiye,1961-07-10,Gaziantep,Türkiye
1799,walter-zenga,Walter Zenga,Italy,,,
8604,georges-heylens,Georges Heylens,Belgium,1941-08-08,Etterbeek,Belgium
28495,tamer-kaptan,Tamer Kaptan,Türkiye,1938-05-27,Istanbul,Türkiye
139093,munacettin-barut,Münacettin Barut,Türkiye,1936-06-24,Istanbul,Türkiye
26856,huseyin-eroglu,Hüseyin Eroğlu,Türkiye,1972-11-02,Delmenhorst,Türkiye
44175,medet-coskun,Medet Coşkun,Türkiye,1973-08-01,Sivas,Türkiye
7595,taskin-aksoy,Taşkın Aksoy,Türkiye,1967-06-13,Berlin,Türkiye Germany
2072,stuart-baxter,Stuart Baxter,Scotland,1953-08-16,Wolverhampton,Scotland
669,ralf-zumdick,Ralf Zumdick,Germany,1958-05-10,Münster,Germany
383,thomas-doll,Thomas Doll,Germany,1966-04-09,Malchin,Germany
377,reinhard-stumpf,Reinhard Stumpf,Germany,1961-11-26,Lieblos,Germany
16346,adel-amrouche,Adel Amrouche,Algeria,1968-03-07,Kouba,Algeria Belgium
3390,walter-meeuws,Walter Meeuws,Belgium,,,
85343,hasan-gul,Hasan Gül,Türkiye,1955-10-20,Tunceli,Türkiye
3404,karol-pecze,Karol Pecze,Slovakia,1946-02-07,Košice,Slovakia
18374,luka-peruzovic,Luka Peruzovic,Croatia,1952-02-26,Split,Croatia Belgium
23310,augusto-palacios,Augusto Palacios,Peru,1951-12-23,Lima,Peru
2754,kurban-berdyev,Kurban Berdyev,Russia,1952-08-25,Aşgabat,Russia Turkmenistan
61251,fehmi-bastuzel,Fehmi Baştüzel,Türkiye,1928-07-14,Ankara,Türkiye
62305,husnu-macuni,Hüsnü Macuni,Kosovo,1942-01-01,,Kosovo
130639,kazim-turesin,Kazım Türesin,Türkiye,1927-06-26,Edirne,Türkiye
114976,hadi-pozan,Hadi Pozan,Türkiye,,,Türkiye
108991,kemal-kaya,Kemal Kaya,Türkiye,1930-01-01,Afyonkarahisar,Türkiye
91908,mustafa-iscelebi,Mustafa İşçelebi,Türkiye,1984-12-02,Ankara,Türkiye
49149,cahit-ercevik,Cahit Erçevik,Türkiye,1971-08-02,Istanbul,Türkiye
98146,selahattin-ceylan,Selahattin Ceylan,Türkiye,1964-02-13,Giresun,Türkiye
137000,adil-tozlu,Adil Tozlu,Türkiye,1964-03-16,Giresun,Türkiye
127812,metin-aydin,Metin Aydın,Türkiye,1958-04-01,Istanbul,Türkiye
786,mehmet-birinci,Mehmet Birinci,Türkiye,1957-01-01,Trabzon,Türkiye
58993,hakan-kurt,Hakan Kurt,Türkiye,1970-07-17,Giresun,Türkiye
8011,cengiz-demir,Cengiz Demir,Türkiye,1959-07-07,Malatya,Türkiye
125914,sadullah-zehir,Sadullah Zehir,Türkiye,1955-08-07,Giresun,Türkiye
19142,sinan-bayraktar,Sinan Bayraktar,Türkiye,1965-01-10,Ordu,Türkiye
55900,husnu-kacmaz,Hüsnü Kaçmaz,Türkiye,1965-03-13,Ankara,Türkiye
99813,ali-kemal-ozcan,Ali Kemal Özcan,Türkiye,1945-01-03,Trabzon,Türkiye
43356,davut-sahin,Davut Şahin,Türkiye,1949-02-12,Trabzon,Türkiye
125265,aydin-gules,Aydın Güleş,Türkiye,1944-03-01,Trabzon,Türkiye
60107,tezcan-uzcan,Tezcan Uzcan,Türkiye,1946-01-09,Nigde,Türkiye
2934,stanimir-stoilov,Stanimir Stoilov,Bulgaria,1967-02-13,Haskovo,Bulgaria
46000,radomir-kokovic,Radomir Kokovic,Serbia,1984-01-06,Kraljevo,Serbia
74727,ekrem-dag,Ekrem Dag,Austria,1980-12-05,Mardin,Austria Türkiye
108512,ahmet-balci,Ahmet Balcı,Türkiye,1993-02-15,Edirne,Türkiye
97256,turgay-altay,Turgay Altay,Türkiye,1980-02-16,Istanbul,Türkiye
3415,nestor-el-maestro,Nestor El Maestro,Serbia,1983-03-25,Belgrad,Serbia England
41916,ilhan-palut,İlhan Palut,Türkiye,1976-11-12,Hatay,Türkiye
39871,mehmet-aurelio,Mehmet Aurélio,Türkiye,1977-12-15,Rio de Janeiro,Türkiye Brazil
7255,onder-ozen,Önder Özen,Türkiye,1969-10-17,Eskisehir,Türkiye
34309,tacettin-bakacak,Tacettin Bakacak,Türkiye,1969-11-01,Sivas,Türkiye
31114,ozgur-zengin,Özgür Zengin,Türkiye,1974-05-08,Bingöl,Türkiye
36631,mustafa-fedai,Mustafa Fedai,Türkiye,1968-05-03,Izmir,Türkiye
61316,muharrem-dirik,Muharrem Dirik,Türkiye,1961-04-23,Isparta,Türkiye
61321,ali-yuksel-can,Ali Yüksel Can,Türkiye,1961-06-26,Izmir,Türkiye
81449,ali-caglar,Ali Çağlar,Türkiye,1951-01-01,Izmir,Türkiye
82898,halil-kiraz,Halil Kiraz,Türkiye,1943-10-15,Izmir,Türkiye
124946,zoran-ristic,Zoran Ristic,Serbia,1936-06-26,Đurđevo,Serbia
32697,adnan-suvari,Adnan Süvari,Türkiye,1926-12-17,Aydin,Türkiye
140325,gursel-aksel,Gürsel Aksel,Türkiye,1937-05-10,Edirne,Türkiye
108963,ruhi-karaduman,Ruhi Karaduman,Türkiye,1925-05-05,Bursa,Türkiye
13278,avni-okumus,Avni Okumuş,Türkiye,1960-01-26,Trabzon,Türkiye
17963,murat-bolukbasi,Murat Bölükbaşı,Türkiye,1969-07-07,Sakarya,Türkiye
26639,taner-ocal,Taner Öcal,Türkiye,1962-03-26,Mardin,Türkiye
72443,gokhan-gedikali,Gökhan Gedikali,Türkiye,1966-01-08,Ankara,Türkiye
5624,osman-nuri-isilar,Osman Nuri Işılar,Türkiye,1953-10-17,Konya,Türkiye
33859,mehmet-ali-karaca,Mehmet Ali Karaca,Türkiye,1962-04-14,Rize,Türkiye
12048,hasan-erkin-simsir,Hasan Erkin Şimşir,Türkiye,1963-11-23,Ordu,Türkiye
17970,mehmet-tayfun-turkmen,Mehmet Tayfun Türkmen,Türkiye,1962-04-23,Konya,Türkiye
19140,tanser-aydin,Tanser Aydın,Türkiye,1970-05-20,Ankara,Türkiye
134226,selahattin-diyadin,Selahattin Diyadin,Türkiye,1950-03-10,Trabzon,Türkiye
41898,ozgun-kaya,Özgün Kaya,Türkiye,1959-04-01,Erzurum,Türkiye
17971,sezai-yildirim,Sezai Yıldırım,Türkiye,1960-12-07,Ankara,Türkiye
16983,murat-ozgen,Murat Özgen,Türkiye,1952-08-10,Ankara,Türkiye
34347,semih-tokatli,Semih Tokatlı,Türkiye,1959-06-27,Eskisehir,Türkiye
113231,galip-degerli,Galip Değerli,Türkiye,1957-11-18,Trabzon,Türkiye
31506,naci-yilmaz,Naci Yilmaz,Türkiye,1948-06-27,Ankara,Türkiye
119393,bekir-irtegun,Bekir İrtegün,Türkiye,1984-04-20,Elazig,Türkiye
119170,gokhan-alas,Gökhan Alaş,Türkiye,1986-10-04,Hatay,Türkiye
103991,hugo-almeida,Hugo Almeida,Portugal,1984-05-23,Figueira da Foz,Portugal
36975,yilmaz-bal,Yılmaz Bal,Türkiye,1972-01-01,Hatay,Türkiye
5080,fatih-kavlak,Fatih Kavlak,Türkiye,1974-06-13,Sivas,Türkiye
13283,gurses-kilic,Gürses Kılıç,Türkiye,1967-03-25,Konya,Türkiye
28463,ahmet-tasyurek,Ahmet Taşyürek,Türkiye,1972-07-06,Hatay,Türkiye
24517,ismail-batur,İsmail Batur,Türkiye,1956-10-03,Trabzon,Türkiye
102526,mehmet-kakil,Mehmet Kakil,Türkiye,1967-01-01,Hatay,Türkiye
13279,hakan-erhalac,Hakan Erhalaç,Türkiye,1962-03-12,Ankara,Türkiye
123912,ayhan-kaya,Ayhan Kaya,Türkiye,1966-02-01,Hatay,Türkiye
25912,erdal-alpaslan,Erdal Alpaslan,Türkiye,1966-04-19,Tokat,Türkiye
123909,hasan-kucukogretmen,Hasan Küçüköğretmen,Türkiye,1948-04-01,Erzurum,Türkiye
36515,mehmet-hunkaroglu,Mehmet Hünkaroğlu,Türkiye,1955-03-15,Hatay,Türkiye
33631,fahri-bayraktar,Fahri Bayraktar,Türkiye,1961-11-01,Ankara,Türkiye
74553,ali-gultiken,Ali Gültiken,Türkiye,1965-08-27,Istanbul,Türkiye
16911,vehbi-haluk-bulgurlu,Vehbi Haluk Bulgurlu,Türkiye,1953-07-11,Ankara,Türkiye
91281,cuneyt-memisoglu,Cüneyt Memişoğlu,Türkiye,1952-06-16,Giresun,Türkiye
31458,levent-arikdogan,Levent Arıkdoğan,Türkiye,1953-08-23,Mersin,Türkiye
90167,baris-kanbak,Barış Kanbak,Türkiye,1992-09-29,Istanbul,Türkiye
71084,osman-zeki-korkmaz,Osman Zeki Korkmaz,Türkiye,1982-05-02,Trabzon,Türkiye
43774,hakan-yakin,Hakan Yakin,Switzerland,1977-02-22,Basel,Switzerland Türkiye
100212,olcay-demir,Olcay Demir,Türkiye,1985-03-09,Istanbul,Türkiye
581,cem-bagci,Cem Bagci,Türkiye,1975-02-20,Istanbul,Türkiye Germany
25834,bulent-demirkanli,Bülent Demirkanlı,Türkiye,1958-01-19,Trabzon,Türkiye
22840,tunahan-akdogan,Tunahan Akdoğan,Türkiye,1967-10-19,Rize,Türkiye
26663,fahrettin-sayhan,Fahrettin Sayhan,Türkiye,1969-08-01,Kars,Türkiye
16909,hasan-saka,Hasan Saka,Türkiye,1964-12-17,Istanbul,Türkiye
111993,mehmet-hasan-al,Mehmet Hasan Al,Türkiye,1964-10-05,Trabzon,Türkiye
1062,fahrudin-omerovic,Fahrudin Omerovic,Bosnia-Herzegovina,1961-08-26,Doboj,Bosnia-Herzegovina Türkiye
21194,naci-sensoy,Naci Sensoy,Kosovo,1958-07-01,Prizren,Kosovo Türkiye
37280,engin-calisir,Engin Çalışır,Türkiye,1972-10-30,Istanbul,Türkiye
18919,tolgay-kerimoglu,Tolgay Kerimoğlu,Türkiye,1963-01-13,Trabzon,Türkiye
21916,omer-can-goksu,Ömer Can Göksu,Türkiye,1968-10-21,Istanbul,Türkiye
2324,herbert-neumann,Herbert Neumann,Germany,1953-11-14,Köln,Germany
2120,leo-beenhakker,Leo Beenhakker,Netherlands,1942-08-02,Rotterdam,Netherlands
85257,mustafa-yurur,Mustafa Yürür,Türkiye,1938-06-20,Erzincan,Türkiye
85290,cetin-noyan,Çetin Noyan,Türkiye,1940-08-13,Istanbul,Türkiye
141970,sabahattin-kuruoglu,Sabahattin Kuruoğlu,Türkiye,1937-07-01,Kirklareli,Türkiye
137767,aydemir-nemli,Aydemir Nemli,Türkiye,1929-08-04,Istanbul,Türkiye
112580,ali-mortas,Ali Mortaş,Türkiye,,Trabzon,Türkiye
25513,james-mccrae,James McCrae,Scotland,1894-09-02,Bridge of Weir,Scotland
101587,nizamettin-set,Nizamettin Set,Türkiye,1966-01-19,Karabük,Türkiye
99371,kerim-tasci,Kerim Tasçı,Türkiye,1971-02-07,Karabük,Türkiye
96513,erol-kaplan,Erol Kaplan,Türkiye,1974-04-22,Giresun,Türkiye
88920,ersin-buyuktepe,Ersin Büyüktepe,Türkiye,1985-02-15,Karabük,Türkiye
18120,metin-karagulle,Metin Karagülle,Türkiye,1971-04-15,Kastamonu,Türkiye
74367,mete-kahraman,Mete Kahraman,Türkiye,1967-11-22,Osmaniye,Türkiye
31310,ali-kemal-yilmaz,Ali Kemal Yılmaz,Türkiye,1977-07-03,Trabzon,Türkiye
73980,ali-sunar,Ali Sunar,Türkiye,1953-01-01,Rize,Türkiye
54777,ismail-demirci,İsmail Demirci,Türkiye,1968-11-27,Rize,Türkiye
36771,ilhan-ozer,İlhan Özer,Türkiye,1966-11-25,Karabük,Türkiye
30941,levent-acikgoz,Levent Açıkgöz,Türkiye,1971-01-04,Karabük,Türkiye
20038,tony-popovic,Tony Popovic,Australia,1973-07-04,Sydney,Australia Croatia
3773,zoran-barisic,Zoran Barisic,Austria,1970-05-22,Wien,Austria Croatia
12928,elvir-baljic,Elvir Baljic,Bosnia-Herzegovina,1974-07-08,Sarajevo,Bosnia-Herzegovina Türkiye
19289,hasan-vezir,Hasan Vezir,Türkiye,1962-09-07,Rize,Türkiye
74259,neshet-zhaveli,Neshet Zhaveli,Kosovo,1955-04-20,Đakovica,Kosovo Türkiye
63640,yuksel-askun,Yüksel Aşkun,Türkiye,1941-03-12,Eskisehir,Türkiye
87434,ozhan-maraton,Özhan Maraton,Türkiye,1942-01-10,Ankara,Türkiye
60781,mehmet-basaygun,Mehmet Başaygün,Türkiye,1940-07-05,Bolu,Türkiye
60122,mehmet-babalik,Mehmet Babalık,Türkiye,1934-01-01,Rize,Türkiye
4183,aleksandar-stanojevic,Aleksandar Stanojevic,Serbia,1973-10-28,Belgrade,Serbia
138254,onur-can-korkmaz,Onur Can Korkmaz,Türkiye,1991-07-17,Trabzon,Türkiye
46373,marcel-licka,Marcel Lička,Czech Republic,1977-07-17,Ostrava,Czech Republic
41611,david-sassarini,David Sassarini,Italy,1972-07-19,La Spezia,Italy
73765,senol-can,Şenol Can,Türkiye,1983-04-03,Kardzhali,Türkiye Bulgaria
7849,shota-arveladze,Shota Arveladze,Georgia,1973-02-22,Tiflis,Georgia
105285,alparslan-erdem,Alparslan Erdem,Türkiye,1988-12-11,Vechta,Türkiye Germany
62049,andrea-pirlo,Andrea Pirlo,Italy,1979-05-19,Flero,Italy
73764,erkan-zengin,Erkan Zengin,Sweden,1985-08-05,Konya,Sweden Türkiye
8269,ercumend-coskundere,Ercümend Coşkundere,Türkiye,1963-09-10,Samsun,Türkiye
17964,nihat-balan,Nihat Balan,Türkiye,1966-01-30,Malatya,Türkiye
31714,tamer-avci,Tamer Avcı,Türkiye,1963-08-07,Izmir,Türkiye
114447,sirin-berber,Şirin Berber,Türkiye,1960-03-02,Trabzon,Türkiye
103124,gokhan-baladin,Gökhan Baladin,Türkiye,1966-06-22,Zonguldak,Türkiye
118673,eser-pullu,Eser Pullu,Türkiye,1963-07-26,Bursa,Türkiye
20902,sedat-ozbag,Sedat Özbağ,Türkiye,1954-02-16,Bursa,Türkiye
9589,hayati-palanci,Hayati Palancı,Türkiye,1967-10-27,Malatya,Türkiye
8013,osman-gokhan,Osman Gökhan,Türkiye,1963-10-07,Malatya,Türkiye
42661,goksel-ozdemir,Göksel Özdemir,Türkiye,1963-01-03,Balikesir,Türkiye
148582,alp-pehlivan,Alp Pehlivan,Türkiye,1966-06-07,Istanbul,Türkiye
31250,kenan-gonen,Kenan Gönen,Türkiye,1959-09-24,Karabük,Türkiye
136143,fatih-uraz,Fatih Uraz,Türkiye,1960-12-30,Adana,Türkiye
124343,fikri-besiroglu,Fikri Beşiroğlu,Türkiye,1943-12-20,Rize,Türkiye
154441,ercument-dincmen,Ercüment Dinçmen,Türkiye,1954-03-15,Istanbul,Türkiye
136972,bulent-giz,Bülent Giz,Türkiye,,Istanbul,Türkiye
117114,salim-cavunt,Salim Çavunt,Türkiye,1926-12-05,Istanbul,Türkiye
137267,cahit-candan,Cahit Candan,Türkiye,,Istanbul,Türkiye
137268,niyazi-civelek,Niyazi Civelek,Türkiye,,,Türkiye
69805,ilyas-ozturk,İlyas Öztürk,Türkiye,1969-01-20,Prijepolje,Türkiye
7900,fuat-kilic,Fuat Kilic,Germany,1973-05-09,Gümüşhane,Germany
61330,ismail-demiriz,İsmail Demiriz,Türkiye,1962-04-01,Manisa,Türkiye
134166,necdet-erdir,Necdet Erdir,Türkiye,,,Türkiye Germany
99148,omer-gulen,Ömer Gülen,Türkiye,1954-04-02,Istanbul,Türkiye
136611,renato-vignolini,Renato Vignolini,Italy,1906-12-03,Pistoia,Italy
135799,burhan-sumersan,Burhan Sümersan,Türkiye,1917-07-10,Istanbul,Türkiye
37345,rebii-erkal,Rebii Erkal,Türkiye,1911-02-10,Istanbul,Türkiye
139369,mehmet-resat-nayir,Mehmet Reşat Nayır,Türkiye,1911-07-13,Skopje,Türkiye North Macedonia
41529,erling-moe,Erling Moe,Norway,1970-07-22,Molde,Norway
92322,muhammed-turkmen,Muhammed Türkmen,Türkiye,1986-04-09,Ordu,Türkiye
104976,radomir-djalovic,Radomir Djalovic,Montenegro,1982-10-29,Bijelo Polje,Montenegro
4849,markus-gisdol,Markus Gisdol,Germany,1969-08-17,Geislingen,Germany
55762,sergej-jakirovic,Sergej Jakirovic,Bosnia-Herzegovina,1976-12-23,Mostar,Bosnia-Herzegovina Croatia
22369,recep-ucar,Recep Uçar,Türkiye,1975-09-22,Istanbul,Türkiye
87959,ugur-kulaksiz,Uğur Kulaksız,Türkiye,1974-06-15,Konya,Türkiye
2730,dan-petrescu,Dan Petrescu,Romania,1967-12-22,Bukarest,Romania England
3259,domingos-paciencia,Domingos Paciência,Portugal,1969-01-02,Leça da Palmeira,Portugal
10480,mehmet-ali-cinar,Mehmet Ali Çınar,Türkiye,1949-03-10,Trabzon,Türkiye
149597,yilmaz-yavman,Yılmaz Yavman,Türkiye,1949-07-19,Izmir,Türkiye
42058,mustafa-gursel,Mustafa Gürsel,Türkiye,1974-11-06,Kirklareli,Türkiye
32805,galip-gundogdu,Galip Gündoğdu,Türkiye,1965-09-04,Giresun,Türkiye
13264,kayhan-cubuklu,Kayhan Çubuklu,Türkiye,1964-11-11,Kocaeli,Türkiye
25816,ahmet-arslaner,Ahmet Arslaner,Türkiye,1970-12-24,Istanbul,Türkiye
31570,faruk-sarman,Faruk Sarman,Türkiye,1971-08-30,Kocaeli,Türkiye
13011,bulent-baturman,Bülent Baturman,Türkiye,1959-08-21,Kocaeli,Türkiye
21327,yalcin-kildiran,Yalçın Kıldıran,Türkiye,1969-04-30,Kütahya,Türkiye
22089,ekrem-albayrak,Ekrem Albayrak,Türkiye,1966-01-01,Istanbul,Türkiye
20967,ceyhun-guray,Ceyhun Güray,Türkiye,1956-09-28,Istanbul,Türkiye
17021,soner-alp,Soner Alp,Türkiye,1962-03-17,Kocaeli,Türkiye
32329,orhan-serit,Orhan Şerit,Türkiye,1962-01-02,Kocaeli,Türkiye
19340,erhan-arslan,Erhan Arslan,Türkiye,1956-11-13,Tekirdag,Türkiye
64172,sener-dal,Şener Dal,Türkiye,1945-01-01,Balikesir,Türkiye
124144,ahmet-asena,Ahmet Asena,Türkiye,1945-04-12,Diyarbakir,Türkiye
113740,avni-kalkavan,Avni Kalkavan,Türkiye,1935-06-01,Rize,Türkiye
952,ozcan-arkoc,Özcan Arkoç,Türkiye,1939-10-02,Tekirdag,Türkiye Germany
119905,ali-camdali,Ali Çamdalı,Türkiye,1984-02-22,Duisburg,Türkiye Germany
46216,mehmet-yildirim,Mehmet Yıldırım,Türkiye,1972-09-15,Erzurum,Türkiye
60111,omer-duran,Ömer Duran,Türkiye,1948-01-01,Ankara,Türkiye
62676,naci-renklibay,Naci Renklibay,Türkiye,1946-03-20,Konya,Türkiye
60123,arif-cetnkaya,Arif Çetnkaya,Türkiye,1945-08-28,Karaman,Türkiye
61869,omer-zengin,Ömer Zengin,Türkiye,1955-09-25,Konya,Türkiye
60104,zoran-colakovic,Zoran Colakovic,Serbia,1940-01-01,,Serbia
69703,kazim-admis,Kazim Admis,Türkiye,1938-12-24,Istanbul,Türkiye
138061,ismail-ozunal,İsmail Özünal,Türkiye,1981-01-15,Manisa,Türkiye
63350,erkan-aslan,Erkan Aslan,Türkiye,1977-08-12,Istanbul,Türkiye
63769,kazim-akgun,Kazım Akgün,Türkiye,1979-03-03,Manisa,Türkiye
85674,bulent-ataman,Bülent Ataman,Türkiye,1974-06-19,Trabzon,Türkiye
83560,ahmet-secgin,Ahmet Seçgin,Türkiye,1970-08-23,Sakarya,Türkiye
77256,behram-ustun,Behram Üstün,Türkiye,1972-08-13,Izmir,Türkiye
76330,naci-duman,Naci Duman,Türkiye,1958-03-14,Manisa,Türkiye
50667,ismail-yalcin,İsmail Yalçın,Türkiye,1970-02-19,Amasya,Türkiye
59928,unal-tasci,Ünal Tasci,Türkiye,1956-01-01,Manisa,Türkiye
60150,aytekin-viduslu,Aytekin Viduşlu,Türkiye,1978-08-28,Manisa,Türkiye
30691,mustafa-ati-goksu,Mustafa Ati Göksu,Türkiye,1945-09-10,Izmir,Türkiye
84984,hamdi-kayahan,Hamdi Kayahan,Türkiye,1947-12-12,Trabzon,Türkiye
108842,refik-vardaroglu,Refik Vardaroğlu,Türkiye,1923-07-01,Veles,Türkiye North Macedonia
122497,cemal-koc,Cemal Koç,Türkiye,1977-03-05,Mersin,Türkiye
58924,nasir-belci,Nasır Belci,Türkiye,1955-12-01,Adana,Türkiye
51616,memduh-ozbalta,Memduh Özbalta,Türkiye,1953-10-15,Mersin,Türkiye
44480,sedat-hazimoglu,Sedat Hazımoğlu,Türkiye,1961-09-28,Mersin,Türkiye
87435,battal-toktay,Battal Toktay,Türkiye,1937-07-26,Istanbul,Türkiye
38055,ger-blok,Ger Blok,Netherlands,1939-10-13,Amsterdam,Netherlands
70071,ion-motroc,Ion Motroc,Romania,1937-02-14,Bucharest,Romania
49383,yalcin-gursoy,Yalçın Gürsoy,Türkiye,1967-08-31,Ordu,Türkiye
5081,turgut-kural,Turgut Kural,Türkiye,1964-02-02,Trabzon,Türkiye
10119,metin-altinay,Metin Altınay,Türkiye,1962-04-18,Ankara,Türkiye
37670,ali-sahin,Ali Şahin,Türkiye,1966-11-02,Ordu,Türkiye
56027,menduh-fidan,Menduh Fidan,Türkiye,1966-12-28,Eskisehir,Türkiye
22327,sebahattin-akbayrak,Sebahattin Akbayrak,Türkiye,1971-07-19,Trabzon,Türkiye
526,hector-cuper,Héctor Cúper,Argentina,1955-11-16,Chabás,Argentina Italy
10479,hakki-bayrak,Hakkı Bayrak,Türkiye,1958-06-01,Giresun,Türkiye
8932,hidir-akbas,Hidir Akbas,Germany,1958-02-15,Tunceli,Germany Türkiye
2850,dursun-karamustafa,Dursun Karamustafa,Türkiye,1947-02-20,Ordu,Türkiye
124378,cemal-gokalp,Cemal Gökalp,Türkiye,1933-03-02,Ordu,Türkiye
134643,kamber-altintas,Kamber Altıntaş,Türkiye,1950-04-06,Aydin,Türkiye
84764,cafer-tayyar-tatar,Cafer Tayyar Tatar,Türkiye,1948-12-15,Ordu,Türkiye
153188,ustun-turkozer,Üstün Türközer,Türkiye,1948-10-12,Ordu,Türkiye
128670,yener-celik,Yener Çelik,Türkiye,1943-06-30,Ordu,Türkiye
65878,nuri-asan,Nuri Asan,Türkiye,1938-03-03,Samsun,Türkiye
137874,isfendiyar-aciksoz,İsfendiyar Açıksöz,Türkiye,1929-07-19,Kastamonu,Türkiye
57797,bulent-bayraktar,Bülent Bayraktar,Türkiye,,,Türkiye
13261,yasar-elmas,Yaşar Elmas,Türkiye,1957-06-03,Istanbul,Türkiye
66190,cesarettin-alptekin,Cesarettin Alptekin,Türkiye,1953-04-01,Rize,Türkiye
38357,adolf-remy,Adolf Remy,Germany,1935-11-30,Münster,Germany
99871,nedim-gunar,Nedim Günar,Türkiye,1931-02-03,Balikesir,Türkiye
151309,furkan-koseoglu,Furkan Köseoğlu,Türkiye,1980-03-20,Sakarya,Türkiye
131121,serhat-sutlu,Serhat Sütlü,Türkiye,1976-12-13,Düsseldorf,Türkiye
49778,tuncay-sanli,Tuncay Şanlı,Türkiye,1982-01-16,Sakarya,Türkiye
36681,serdar-bozkurt,Serdar Bozkurt,Türkiye,1977-04-28,Gaziantep,Türkiye
86362,murat-balaban,Murat Balaban,Türkiye,1975-06-09,Sakarya,Türkiye
46283,osman-kilic,Osman Kılıç,Türkiye,1977-03-20,Sakarya,Türkiye
34336,murat-vatansever,Murat Vatansever,Türkiye,1959-12-17,Plovdiv,Türkiye Bulgaria
31498,erol-kolcu,Erol Kolcu,Türkiye,1962-04-20,Sakarya,Türkiye
2020,necmettin-sert,Necmettin Sert,Türkiye,1963-12-08,Sakarya,Türkiye
26736,sadun-hosbay,Sadun Hoşbay,Türkiye,1956-01-19,Sakarya,Türkiye
8014,ilker-yagcioglu,İlker Yağcıoğlu,Türkiye,1966-03-10,Sakarya,Türkiye
113438,recai-caloglu,Recai Çaloğlu,Türkiye,1956-04-01,Kirklareli,Türkiye
5469,radmilo-ivancevic,Radmilo Ivancevic,Serbia,1950-09-04,Gornji Milanovac,Serbia
69316,caner-taranci,Caner Tarancı,Türkiye,1947-10-29,Sakarya,Türkiye
64047,nedim-kurtic,Nedim Kurtic,Türkiye,1953-02-04,Adana,Türkiye
63257,alexander-horvath,Alexander Horvath,Slovakia,1938-12-28,Mosovce,Slovakia Belgium
20252,werner-bickelhaupt,Werner Bickelhaupt,Germany,1939-12-02,,Germany
149511,fuat-gungor,Fuat Güngör,Türkiye,,,Türkiye
19703,milan-zivadinovic,Milan Zivadinovic,Serbia,1944-12-15,Belgrad,Serbia
3770,thorsten-fink,Thorsten Fink,Germany,1967-10-29,Dortmund,Germany
19735,thomas-reis,Thomas Reis,Germany,1973-10-04,Wertheim,Germany
35728,emre-bayraktar,Emre Bayraktar,Türkiye,1983-07-05,Samsun,Türkiye
74368,recep-sermet-boyar,Recep Sermet Boyar,Türkiye,1972-02-06,Samsun,Türkiye
1315,vladimir-petkovic,Vladimir Petkovic,Switzerland,1963-08-15,Sarajevo,Switzerland Bosnia-Herzegovina
8279,nafiz-tural,Nafiz Tural,Türkiye,1964-12-16,Samsun,Türkiye
2848,muhammet-dilaver,Muhammet Dilaver,Türkiye,1965-12-31,Samsun,Türkiye
10482,hasan-sengun,Hasan Şengün,Türkiye,1961-07-14,Trabzon,Türkiye
6101,gjorgji-jovanovski,Gjorgji Jovanovski,North Macedonia,1956-03-29,Skopje,North Macedonia
97,horst-hrubesch,Horst Hrubesch,Germany,1951-04-17,Hamm (Westf.),Germany
63314,sukru-goran,Sükrü Goran,Kosovo,,,Kosovo
50948,servet-cetin,Servet Çetin,Türkiye,1981-03-17,Igdir,Türkiye
91692,serkan-ozdemir,Serkan Özdemir,Türkiye,1976-05-14,Istanbul,Türkiye
22453,bulent-akan,Bülent Akan,Türkiye,1974-10-13,Erzincan,Türkiye
59304,erbil-uzel,Erbil Uzel,Türkiye,1974-04-15,Kirklareli,Türkiye
38981,ayhan-akman,Ayhan Akman,Türkiye,1977-02-23,Bursa,Türkiye
34116,mahmut-kocabal,Mahmut Kocabal,Türkiye,1962-12-15,Istanbul,Türkiye
24004,erdem-acar,Erdem Acar,Türkiye,1955-09-16,Istanbul,Türkiye
62728,yakup-kaptan,Yakup Kaptan,Türkiye,1948-05-07,Istanbul,Türkiye
14062,cor-van-der-hart,Cor van der Hart,Netherlands,1928-01-25,Amsterdam,Netherlands
32715,milan-ribar,Milan Ribar,Bosnia-Herzegovina,1930-11-21,Sarajevo,Bosnia-Herzegovina
74365,josip-duvancic,Josip Duvancic,Croatia,1935-10-01,Razvođe,Croatia
142293,ayhan-erman,Ayhan Erman,Türkiye,1928-07-01,Burdur,Türkiye
1251,muhsin-ertugral,Muhsin Ertuğral,Türkiye,1959-09-15,Istanbul,Türkiye Germany
16646,bulent-albayrak,Bülent Albayrak,Türkiye,1962-08-07,Adiyaman,Türkiye
794,ihsan-derelioglu,İhsan Derelioğlu,Türkiye,1961-11-15,Trabzon,Türkiye
5197,nenad-bjelica,Nenad Bjelica,Croatia,1971-08-20,Osijek,Croatia
15907,eddie-newton,Eddie Newton,England,,,
31311,taner-yilmaz,Taner Yılmaz,Türkiye,,,
1231,vahid-halilhodzic,Vahid Halilhodzic,Bosnia-Herzegovina,1952-10-15,Jablanica,Bosnia-Herzegovina France
706,hugo-broos,Hugo Broos,Belgium,,,
10013,ahmet-ozen,Ahmet Özen,Türkiye,,,
792,orhan-cikirikci,Orhan Çıkırıkçı,Türkiye,,,
807,turgay-semercioglu,Turgay Semercioğlu,Türkiye,,,
1752,georges-leekens,Georges Leekens,Belgium,,,
32580,urbain-braems,Urbain Braems,Belgium,,,
38054,theo-laseroms,Theo Laseroms,Netherlands,,,
9141,werner-biskup,Werner Biskup,Germany,,,
893,jurgen-sundermann,Jürgen Sundermann,Germany,,,
93425,ahmet-karlikli,Ahmet Karlıklı,Türkiye,,,
71422,tayfun-ridvan-albayrak,Tayfun Rıdvan Albayrak,Türkiye,,,
126344,husamettin-balci,Hüsamettin Balcı,Türkiye,,,
68788,ibrahim-dagasan,İbrahim Dağaşan,Türkiye,1984-06-15,Angers,Türkiye France
18043,ilker-erdem,İlker Erdem,Türkiye,1972-08-08,Trabzon,Türkiye
37187,senol-demir,Şenol Demir,Türkiye,1964-08-15,Sinop,Türkiye
43699,sinan-yucer,Sinan Yücer,Türkiye,1975-05-15,Yozgat,Türkiye
31670,metin-koksal-terzi,Metin Köksal Terzi,Türkiye,1967-04-02,Rize,Türkiye
114089,sabahattin-ispirli,Sabahattin İspirli,Türkiye,1958-02-11,Istanbul,Türkiye
131424,abdelhak-fellahi,Abdelhak Fellahi,Belgium,1968-01-01,-,Belgium
32790,ayhan-kale,Ayhan Kale,Türkiye,1964-04-01,Manisa,Türkiye
73094,cemsir-muratoglu,Cemşir Muratoğlu,Türkiye,1959-07-10,Novi Pazar,Türkiye
70203,cemal-tosun,Cemal Tosun,Türkiye,1959-01-01,Van,Türkiye
68393,petre-gavrila,Petre Gavrila,Romania,1941-07-26,Pielea,Romania
63489,ismail-tekin,İsmail Tekin,Türkiye,1951-03-25,Malatya,Türkiye
149753,cemil-tonguc,Cemil Tonguç,Türkiye,1963-11-05,Malatya,Türkiye
148368,faruk-akcinar,Faruk Akçınar,Türkiye,,,Türkiye
120154,murat-uckun,Murat Uçkun,Türkiye,1965-11-02,Malatya,Türkiye
101014,adem-buyuk,Adem Büyük,Türkiye,1987-08-30,Artvin,Türkiye
10701,mert-korkmaz,Mert Korkmaz,Türkiye,1971-08-16,Istanbul,Türkiye
17790,vedat-inceefe,Vedat İnceefe,Türkiye,1974-04-01,Bandırma,Türkiye
13272,ufuk-sari,Ufuk Sarı,Türkiye,1967-12-03,Ordu,Türkiye
19301,mustafa-ceviz,Mustafa Ceviz,Türkiye,1966-02-22,Malatya,Türkiye
149634,zafer-guler,Zafer Güler,Türkiye,1954-05-19,Malatya,Türkiye
18042,tahir-copur,Tahir Copur,Türkiye,1959-06-16,Ankara,Türkiye
42431,harun-aydoslu,Harun Aydoslu,Türkiye,1966-01-01,Karaman,Türkiye
24236,senol-kaba,Şenol Kaba,Türkiye,,,
99625,polat-oskan,Polat Öskan,Türkiye,1979-12-12,Yozgat,Türkiye
38606,sebahattin-tekin,Sebahattin Tekin,Türkiye,1974-01-20,Kayseri,Türkiye
118853,erhan-kayaaslan,Erhan Kayaaslan,Türkiye,1963-06-11,Ankara,Türkiye
16969,halit-kilic,Halit Kılıç,Türkiye,1964-11-01,Trabzon,Türkiye
71077,feridun-dundar,Feridun Dündar,Türkiye,1970-01-01,Yozgat,Türkiye
111899,ali-kocak,Ali Koçak,Türkiye,1966-10-23,Ankara,Türkiye
43678,alptug-urganci,Alptuğ Urgancı,Türkiye,1956-05-01,Canakkale,Türkiye
84923,ihsan-idikut,İhsan İdikut,Türkiye,1955-12-11,Yozgat,Türkiye
128937,zekeriya-karali,Zekeriya Karalı,Türkiye,1963-10-31,Istanbul,Türkiye
117415,erdin-pehlivan,Erdin Pehlivan,Türkiye,1961-02-15,Edirne,Türkiye
10840,lemi-celik,Lemi Çelik,Türkiye,1966-03-09,Trabzon,Türkiye
124482,serdar-gucuyener,Serdar Gücüyener,Türkiye,1954-01-20,Istanbul,Türkiye
39193,yuksel-ersan,Yüksel Ersan,Türkiye,,,
134165,ali-ilker-sokmen,Ali İlker Sökmen,Türkiye,1956-01-01,Hatay,Türkiye
69629,asim-ugur,Asim Ugur,Türkiye,1937-02-10,Malatya,Türkiye
61203,vahit-ileri,Vahit İleri,Türkiye,1946-06-01,Sarajevo,Türkiye Bosnia-Herzegovina
17965,burhanettin-basatemur,Burhanettin Basatemür,Türkiye,1973-10-02,Bingöl,Türkiye
40098,recep-umut,Recep Umut,Türkiye,1967-12-20,Manisa,Türkiye
28733,ersin-aka,Ersin Aka,Türkiye,1978-03-29,Hatay,Türkiye
24792,erman-guracar,Erman Güraçar,Türkiye,1974-08-24,Ankara,Türkiye
58609,ibrahim-cezayir,İbrahim Cezayir,Türkiye,1979-02-13,Manisa,Türkiye
49551,ufuk-iskender,Ufuk İskender,Türkiye,1962-07-15,Trabzon,Türkiye
42271,halim-okta,Halim Okta,Türkiye,1966-01-28,Manisa,Türkiye
51890,atilla-gunes,Atilla Güneş,Türkiye,1974-07-13,Heilbrenn,Türkiye Germany
28808,allan-harris,Allan Harris,England,1942-12-28,London,England
38557,mike-ferguson,Mike Ferguson,England,1943-03-09,Burnley,England
109638,ibrahim-tusder,İbrahim Tusder,Türkiye,1914-07-01,Izmir,Türkiye
138914,sukru-gulesin,Şükrü Gülesin,Türkiye,1922-09-14,Istanbul,Türkiye
108986,mihaly-balasits,Mihály Balasits,Hungary,1898-10-19,Budapest,Hungary
103126,soner-bayram,Soner Bayram,Türkiye,1984-06-10,Malatya,Türkiye
90700,ercument-kurt,Ercüment Kurt,Türkiye,1981-02-19,Malatya,Türkiye
116688,ergun-albayrak,Ergün Albayrak,Türkiye,1970-10-25,Malatya,Türkiye
40422,mehmet-kaplan,Mehmet Kaplan,Türkiye,1972-01-27,Elazig,Türkiye
112025,mustafa-tasar,Mustafa Taşar,Türkiye,1966-07-07,Malatya,Türkiye
48601,senol-corlu,Şenol Çorlu,Türkiye,1961-12-03,Ankara,Türkiye
121168,serif-firat,Şerif Fırat,Türkiye,1954-05-01,Malatya,Türkiye
65244,ozkan-akbulut,Özkan Akbulut,Türkiye,1939-01-01,Malatya,Türkiye
114189,ugur-ucar,Uğur Uçar,Türkiye,1987-04-05,Istanbul,Türkiye
2819,ivo-vieira,Ivo Vieira,Portugal,1976-01-10,Machico,Portugal
77418,gurkan-kocabiyik,Gürkan Kocabıyık,Türkiye,1973-08-05,Istanbul,Türkiye
20964,fikret-akdemir,Fikret Akdemir,Türkiye,1965-08-16,Aydin,Türkiye
119831,maksut-unlu,Maksut Ünlü,Türkiye,1957-11-16,Edirne,Türkiye
36674,kamil-erdem,Kamil Erdem,Türkiye,,,
